-72.6,48.2,1
-37.7,176.2,1
-36.9,174.7,1
-34,151,1
-33.9,151,1
-33.9,151.1,2
-33.9,151.2,2
-33.8,150.8,1
-33.7,151.1,1
0,0,335
21.3,-158.1,129
21.3,-158,132
21.3,-157.9,677
21.3,-157.8,1255
21.3,-157.7,115
21.3,74.6,1
21.4,-158.2,143
21.4,-158.1,59
21.4,-158,639
21.4,-157.9,314
21.4,-157.8,198
21.4,-157.7,144
21.5,-158.2,59
21.5,-158.1,11
21.5,-158,165
21.5,-157.9,4
21.5,-157.8,14
21.6,-158.2,4
21.6,-158.1,76
21.6,-158,6
21.6,-157.9,36
21.7,-158.1,14
21.7,-158,30
21.7,-157.9,7
25.2,-80.4,1
25.6,-80.5,1
25.6,-80.4,14
25.6,-80.3,35
25.7,-80.5,36
25.7,-80.4,7
25.7,-80.3,22
25.7,-80.2,70
25.8,-80.4,2
25.8,-80.3,144
25.8,-80.2,1755
25.9,-97.5,1465
25.9,-97.4,430
25.9,-80.4,7
25.9,-80.3,250
25.9,-80.2,108
25.9,-80.1,1
26,-97.6,2
26,-97.5,419
26,-97.4,38
26,-80.4,12
26,-80.3,150
26,-80.2,267
26,-80.1,22
26.1,-98,1
26.1,-97.9,4
26.1,-97.8,1
26.1,-97.6,1
26.1,-97.5,2
26.1,-80.4,13
26.1,-80.3,479
26.1,-80.2,331
26.1,-80.1,27
26.2,-98.3,5
26.2,-98.2,2
26.2,-98.1,1
26.2,-98,3
26.2,-97.7,2
26.2,-80.3,16
26.2,-80.2,48
26.2,-80.1,25
26.3,-81.9,2
26.3,-81.8,332
26.3,-81.7,27
26.3,-80.3,2
26.3,-80.2,8
26.3,-80.1,82
26.4,-81.9,101
26.4,-81.8,417
26.4,-81.7,10
26.4,-80.2,3
26.4,-80.1,322
26.5,-82.2,6
26.5,-82.1,16
26.5,-82,212
26.5,-81.9,821
26.5,-81.8,647
26.5,-81.7,14
26.5,-81.6,71
26.5,-80.1,47
26.6,-82.2,7
26.6,-82.1,90
26.6,-82,337
26.6,-81.9,1066
26.6,-81.8,297
26.6,-81.7,1094
26.6,-81.6,561
26.6,-80.2,4
26.6,-80.1,21
26.6,-80,3
26.7,-82.3,3
26.7,-82.2,11
26.7,-82.1,25
26.7,-82,145
26.7,-81.9,1268
26.7,-81.8,591
26.7,-81.7,258
26.7,-81.6,92
26.7,-81.2,1
26.7,-80.7,4
26.7,-80.2,12
26.7,-80.1,413
26.7,-80,8
26.8,-82.3,9
26.8,-82,1
26.8,-81.9,20
26.8,-81.8,14
26.8,-81.5,1
26.8,-81.4,4
26.8,-80.2,3
26.8,-80.1,114
26.8,-80,1
26.9,-80.2,17
26.9,-80.1,49
27,-82.1,1
27,-80.5,199
27,-80.4,15
27,-80.3,1
27,-80.2,11
27,-80.1,90
27.1,-80.7,4
27.1,-80.6,14
27.1,-80.5,8
27.1,-80.4,1
27.1,-80.3,165
27.1,-80.2,570
27.1,-80.1,186
27.2,-80.6,1
27.2,-80.5,24
27.2,-80.4,23
27.2,-80.3,583
27.2,-80.2,877
27.3,-82.5,1
27.3,-81.7,1
27.3,-80.3,45
27.3,-80.2,38
27.4,-99.5,53
27.4,-82.5,2
27.4,-81.9,1
27.4,-81.8,3
27.4,-81.7,1
27.4,-80.3,1
27.5,-99.6,2
27.5,-99.5,789
27.5,-99.4,50
27.5,-99.3,1
27.5,-82.6,3
27.5,-82.5,2
27.5,-81.9,7
27.5,-81.8,62
27.5,-81.7,3
27.5,-81.6,1
27.5,-80.3,1
27.6,-99.5,263
27.6,-99.4,18
27.6,-82,5
27.6,-81.9,3
27.6,-81.8,55
27.6,-81.7,3
27.6,-81.6,5
27.6,-80.8,1
27.7,-99.6,1
27.7,-99.5,5
27.7,-97.4,1
27.7,-82.8,1
27.7,-82.7,503
27.7,-82.6,265
27.7,-82.5,43
27.7,-82.4,254
27.7,-82.3,90
27.7,-82.2,6
27.7,-81.8,5
27.7,-81.6,7
27.7,-81.5,6
27.8,-99.8,2
27.8,-97.4,5
27.8,-82.8,253
27.8,-82.7,2844
27.8,-82.6,1458
27.8,-82.4,233
27.8,-82.3,419
27.8,-82.2,79
27.8,-82.1,15
27.8,-82,3
27.8,-81.8,4
27.8,-81.7,4
27.8,-81.6,2
27.8,-81.5,10
27.9,-97.6,32
27.9,-82.9,7
27.9,-82.8,293
27.9,-82.7,333
27.9,-82.6,173
27.9,-82.5,1973
27.9,-82.4,590
27.9,-82.3,1495
27.9,-82.2,279
27.9,-82.1,54
27.9,-82,10
27.9,-81.8,13
27.9,-81.7,12
27.9,-81.6,5
27.9,-81.5,2
27.9,-81.4,1
28,-82.8,324
28,-82.7,337
28,-82.6,978
28,-82.5,5017
28,-82.4,5560
28,-82.3,746
28,-82.2,219
28,-82.1,111
28,-82,92
28,-81.9,40
28,-81.8,45
28,-81.7,21
28,-81.6,13
28,-80.7,1
28.1,-82.8,100
28.1,-82.7,198
28.1,-82.6,423
28.1,-82.5,1072
28.1,-82.4,1651
28.1,-82.3,227
28.1,-82.2,59
28.1,-82.1,32
28.1,-82,178
28.1,-81.9,26
28.1,-81.8,27
28.1,-81.7,3
28.1,-81.6,5
28.1,-81.5,17
28.1,-80.7,2
28.1,-80.6,1
28.2,-82.8,209
28.2,-82.7,1401
28.2,-82.6,111
28.2,-82.5,308
28.2,-82.4,538
28.2,-82.3,340
28.2,-82.2,310
28.2,-82.1,4
28.2,-82,11
28.2,-81.9,5
28.2,-81.8,9
28.2,-81.7,3
28.2,-81.6,28
28.2,-81.5,1
28.3,-82.8,3
28.3,-82.7,1656
28.3,-82.6,345
28.3,-82.5,199
28.3,-82.4,55
28.3,-82.3,134
28.3,-82.2,197
28.3,-82.1,25
28.3,-81.9,2
28.3,-81.7,22
28.3,-81.6,5
28.3,-81.5,46
28.3,-81.4,362
28.3,-81.3,11
28.3,-80.7,1
28.4,-82.7,299
28.4,-82.6,258
28.4,-82.5,132
28.4,-82.4,8
28.4,-82.3,22
28.4,-82.2,232
28.4,-81.5,4
28.4,-81.4,14
28.4,-81.3,130
28.4,-81.2,15
28.5,-82.7,3
28.5,-82.6,194
28.5,-82.5,262
28.5,-82.4,20
28.5,-82.3,17
28.5,-82.2,75
28.5,-82.1,2
28.5,-81.7,1
28.5,-81.6,72
28.5,-81.5,678
28.5,-81.4,1721
28.5,-81.3,746
28.5,-81.2,17
28.6,-82.6,11
28.6,-82.5,33
28.6,-82.4,22
28.6,-82.3,11
28.6,-82.2,1
28.6,-81.6,148
28.6,-81.5,22
28.6,-81.4,762
28.6,-81.3,127
28.6,-81.2,1
28.6,-80.8,1
28.7,-82.6,10
28.7,-82.5,8
28.7,-82.4,4
28.7,-82.3,14
28.7,-82.2,1
28.7,-81.6,12
28.7,-81.5,1
28.7,-81.4,17
28.7,-81.3,43
28.7,-81,1
28.8,-82.6,35
28.8,-82.5,28
28.8,-82.4,11
28.8,-82.3,49
28.8,-82.2,3
28.8,-82,1
28.8,-81.9,2
28.8,-81.6,1
28.8,-81.3,347
28.8,-81.2,15
28.8,-81.1,6
28.8,-81,1
28.9,-82.7,1
28.9,-82.6,51
28.9,-82.5,56
28.9,-82.4,53
28.9,-82.3,10
28.9,-81.9,1
28.9,-81.7,1
28.9,-81.4,1
28.9,-81.3,206
28.9,-81.2,287
28.9,-81.1,5
28.9,-80.9,15
29,-95.4,1
29,-82.7,1
29,-82.6,10
29,-82.5,36
29,-82.4,7
29,-82.3,10
29,-82.2,39
29,-82.1,41
29,-82,67
29,-81.9,25
29,-81.8,8
29,-81.7,4
29,-81.6,1
29,-81.4,9
29,-81.3,159
29,-81.2,16
29,-81.1,9
29,-81,7
29,-80.9,38
29,-80.8,6
29.1,-95.6,1
29.1,-95.1,8
29.1,-95,2
29.1,-82.5,13
29.1,-82.4,13
29.1,-82.3,25
29.1,-82.2,129
29.1,-82.1,68
29.1,-82,69
29.1,-81.9,11
29.1,-81.8,1
29.1,-81.4,21
29.1,-81.3,112
29.1,-81.2,8
29.1,-81.1,24
29.1,-81,24
29.2,-98.8,1
29.2,-98.5,2
29.2,-96,1
29.2,-95,1
29.2,-94.9,9
29.2,-82.5,3
29.2,-82.4,7
29.2,-82.3,19
29.2,-82.2,511
29.2,-82.1,872
29.2,-82,14
29.2,-81.9,18
29.2,-81.8,3
29.2,-81.5,12
29.2,-81.4,4
29.2,-81.3,5
29.2,-81.2,2
29.2,-81.1,67
29.2,-81,21
29.3,-98.6,54
29.3,-98.5,71
29.3,-98.4,13
29.3,-98.3,3
29.3,-95.4,1
29.3,-95.1,3
29.3,-95,9
29.3,-94.9,2
29.3,-94.8,214
29.3,-82.4,2
29.3,-82.2,22
29.3,-82.1,27
29.3,-82,3
29.3,-81.9,3
29.3,-81.8,3
29.3,-81.7,4
29.3,-81.5,3
29.3,-81.1,88
29.3,-81,2
29.4,-98.9,1
29.4,-98.7,81
29.4,-98.6,193
29.4,-98.5,442
29.4,-98.4,115
29.4,-98.3,7
29.4,-95.9,1
29.4,-95.4,1
29.4,-95.3,7
29.4,-95.2,162
29.4,-95.1,51
29.4,-95,18
29.4,-94.9,14
29.4,-94.8,1
29.4,-94.7,1
29.4,-82.4,1
29.4,-82.3,6
29.4,-82.2,11
29.4,-82.1,16
29.4,-82,7
29.4,-81.9,3
29.4,-81.8,1
29.4,-81.7,1
29.4,-81.1,12
29.5,-98.7,114
29.5,-98.6,352
29.5,-98.5,332
29.5,-98.4,180
29.5,-98.3,6
29.5,-95.7,2
29.5,-95.6,1
29.5,-95.5,24
29.5,-95.4,27
29.5,-95.3,63
29.5,-95.2,441
29.5,-95.1,442
29.5,-95,116
29.5,-94.9,10
29.5,-94.6,4
29.5,-82.5,1
29.5,-82.3,1
29.5,-82,3
29.5,-81.7,1
29.6,-98.7,23
29.6,-98.6,131
29.6,-98.5,127
29.6,-98.4,93
29.6,-98.3,6
29.6,-96.1,1
29.6,-95.8,5
29.6,-95.7,4
29.6,-95.6,62
29.6,-95.5,420
29.6,-95.4,375
29.6,-95.3,332
29.6,-95.2,505
29.6,-95.1,126
29.6,-94.4,2
29.6,-90.8,2
29.6,-90.7,52
29.6,-82.4,266
29.6,-82.3,209
29.6,-82.1,1
29.6,-81.7,2
29.6,-81.6,1
29.7,-98.9,2
29.7,-98.7,2
29.7,-98.6,2
29.7,-98.5,4
29.7,-98.4,2
29.7,-98.1,1
29.7,-95.7,9
29.7,-95.6,1112
29.7,-95.5,1473
29.7,-95.4,1208
29.7,-95.3,821
29.7,-95.2,51
29.7,-95,1
29.7,-90.1,34
29.7,-82.5,1
29.7,-82.4,243
29.7,-82.3,610
29.7,-82.1,1
29.7,-81.7,1
29.7,-81.6,1
29.8,-98.4,1
29.8,-98,66
29.8,-97.9,2
29.8,-95.7,34
29.8,-95.6,293
29.8,-95.5,797
29.8,-95.4,1093
29.8,-95.3,574
29.8,-95.2,173
29.8,-95.1,1
29.8,-91.5,1
29.8,-90.1,166
29.8,-90,20
29.8,-85.3,1
29.8,-82.6,8
29.8,-82.5,5
29.8,-82.4,4
29.8,-82.3,3
29.8,-82.2,25
29.9,-98,22
29.9,-97.9,176
29.9,-97.7,6
29.9,-95.7,1
29.9,-95.6,12
29.9,-95.5,295
29.9,-95.4,561
29.9,-95.3,187
29.9,-95.2,7
29.9,-94,2
29.9,-93.9,28
29.9,-90.3,3
29.9,-90.2,415
29.9,-90.1,1875
29.9,-90,855
29.9,-82.6,1
29.9,-81.3,1
30,-98.9,3
30,-95.7,10
30,-95.6,28
30,-95.5,190
30,-95.4,96
30,-95.3,85
30,-95.2,23
30,-95.1,7
30,-94.9,1
30,-94.2,51
30,-94.1,148
30,-94,167
30,-93.9,10
30,-90.3,467
30,-90.2,2205
30,-90.1,518
30,-90,7
30,-89.9,1
30.1,-97.9,8
30.1,-97.8,86
30.1,-97.7,50
30.1,-97.6,32
30.1,-96.1,1
30.1,-95.3,3
30.1,-95.2,44
30.1,-95.1,1
30.1,-94.3,8
30.1,-94.2,413
30.1,-94.1,618
30.1,-93.9,2
30.1,-93.8,65
30.1,-93.7,141
30.1,-85.6,1
30.1,-83.2,2
30.1,-81.8,3
30.1,-81.5,1
30.2,-98,4
30.2,-97.9,249
30.2,-97.8,1772
30.2,-97.7,1328
30.2,-97.6,126
30.2,-97.5,31
30.2,-94.2,29
30.2,-93.8,9
30.2,-93.1,8
30.2,-85.7,1
30.2,-85.6,4
30.2,-81.6,1
30.3,-98.9,1
30.3,-98.1,11
30.3,-98,17
30.3,-97.9,99
30.3,-97.8,513
30.3,-97.7,3341
30.3,-97.6,205
30.3,-97.5,52
30.3,-97.4,12
30.3,-95.4,1
30.3,-89.9,1
30.3,-89.8,13
30.3,-89.7,1
30.3,-82.7,1
30.3,-81.8,1
30.3,-81.7,5
30.3,-81.6,8
30.3,-81.5,2
30.3,-81.4,2
30.4,-98.1,14
30.4,-98,20
30.4,-97.9,170
30.4,-97.8,365
30.4,-97.7,1961
30.4,-97.6,695
30.4,-97.5,31
30.4,-97.4,5
30.4,-96.2,5
30.4,-96.1,3
30.4,-89.1,509
30.4,-89,130
30.4,-88.9,1
30.4,-88.6,2
30.4,-88.5,7
30.4,-88.2,1
30.4,-87.3,11
30.4,-87.2,8
30.4,-86.7,1
30.4,-86.6,3
30.4,-86.4,1
30.4,-86.3,2
30.4,-84.4,6
30.4,-84.3,843
30.4,-84.2,138
30.4,-83.3,28
30.4,-81.7,7
30.4,-81.6,1
30.4,-81.5,1
30.4,-81.4,1
30.5,-98.1,3
30.5,-98,20
30.5,-97.9,43
30.5,-97.8,187
30.5,-97.7,454
30.5,-97.6,847
30.5,-97.5,2
30.5,-96.4,3
30.5,-96.3,47
30.5,-96.2,21
30.5,-89.7,1
30.5,-89.1,109
30.5,-89,16
30.5,-88.3,1
30.5,-88.2,13
30.5,-87.4,1
30.5,-87.3,11
30.5,-87.2,7
30.5,-84.4,36
30.5,-84.3,602
30.5,-84.2,134
30.6,-98,7
30.6,-97.9,5
30.6,-97.7,19
30.6,-96.5,2
30.6,-96.4,219
30.6,-96.3,356
30.6,-96.2,8
30.6,-89.6,1
30.6,-88.3,7
30.6,-88.2,85
30.6,-88.1,51
30.6,-87.3,1
30.6,-87.2,1
30.6,-87.1,1
30.6,-86.9,1
30.6,-84.3,5
30.7,-96.6,1
30.7,-96.5,53
30.7,-96.4,523
30.7,-96.3,154
30.7,-96.2,32
30.7,-95.6,161
30.7,-95.5,119
30.7,-95.4,1
30.7,-88.3,9
30.7,-88.2,105
30.7,-88.1,257
30.7,-88,13
30.8,-96.4,18
30.8,-96.3,17
30.8,-96.2,8
30.8,-95.6,3
30.8,-95.5,1
30.8,-88.2,13
30.8,-83.9,1
30.8,-83.3,1
30.8,-81.7,2
30.9,-97.4,1
30.9,-97,1
30.9,-96.4,2
30.9,-96.3,8
30.9,-96.2,2
30.9,-84.2,1
31,-96.3,2
31,-95.9,1
31.1,-97.9,250
31.1,-97.8,2
31.1,-97.7,2
31.1,-97.4,7
31.1,-97.3,1
31.1,-81.5,35
31.2,-97.9,20
31.2,-97.3,1
31.2,-85.5,6
31.2,-85.4,156
31.2,-85.3,1
31.2,-83.8,1
31.2,-81.5,143
31.3,-94.8,1
31.3,-94.7,5
31.3,-85.5,1
31.3,-85.4,43
31.4,-110.9,1
31.4,-100.6,1
31.4,-100.5,165
31.4,-100.4,81
31.4,-94.7,1
31.4,-83.5,1
31.5,-100.5,137
31.5,-100.4,219
31.5,-97.2,1
31.5,-97.1,3
31.5,-84.2,1
31.5,-84.1,1
31.6,-100.5,1
31.6,-97.2,3
31.6,-97.1,5
31.6,-84.1,2
31.7,-106.5,1
31.7,-106.4,3
31.7,-97.2,2
31.7,-89,2
31.8,-111,1
31.8,-106.5,2
31.8,-106.4,2
31.8,-102.4,50
31.8,-102.3,3
31.8,-97.6,3
31.8,35.2,1
31.9,-111,1
31.9,-106.4,2
31.9,-103.1,1
31.9,-102.4,95
31.9,-102.3,46
31.9,-98.6,1
31.9,-90.3,1
31.9,-81.2,1
31.9,-81.1,5
32,-110.9,1
32,-110.6,2
32,-102.2,41
32,-102.1,505
32,-102,7
32,-96.4,1
32,-93.7,5
32,-90.4,1
32,-90.2,1
32,-81.3,11
32,-81.2,35
32,-81.1,174
32,-81,17
32.1,-111.2,1
32.1,-111.1,4
32.1,-111,421
32.1,-110.9,181
32.1,-110.8,140
32.1,-110.7,3
32.1,-102.2,2
32.1,-102.1,2
32.1,-96.5,2
32.1,-93.7,1
32.1,-86.4,2
32.1,-81.4,2
32.1,-81.2,6
32.1,-81.1,141
32.1,-81,6
32.1,-80.8,6
32.1,-80.7,1
32.2,-111,2004
32.2,-110.9,2227
32.2,-110.8,1071
32.2,-90.3,13
32.2,-90.2,15
32.2,-86.2,2
32.2,-81,1
32.2,-80.9,4
32.2,-80.8,12
32.2,-80.7,26
32.3,-111,1301
32.3,-110.9,678
32.3,-110.8,78
32.3,-96.2,1
32.3,-95.5,3
32.3,-90.9,3
32.3,-90.3,42
32.3,-90.2,187
32.3,-90.1,6
32.3,-89.7,1
32.3,-86.4,25
32.3,-86.3,194
32.3,-86.2,183
32.3,-86.1,2
32.3,-86,1
32.3,-84.5,1
32.3,-83.7,1
32.3,-83.6,2
32.3,-81,2
32.3,-80.9,9
32.3,-80.8,1
32.3,-80.6,4
32.3,-80.5,1
32.4,-111,1
32.4,-100.5,1
32.4,-99.7,4
32.4,-97.2,2
32.4,-96.8,3
32.4,-95.3,1
32.4,-93.8,7
32.4,-93.7,1
32.4,-90.8,1
32.4,-90.4,1
32.4,-90.3,2
32.4,-90.2,60
32.4,-90.1,37
32.4,-90,1
32.4,-86.4,15
32.4,-86.3,274
32.4,-86.2,164
32.4,-86.1,2
32.4,-85,79
32.4,-84.9,155
32.4,-83.8,4
32.4,-83.7,7
32.4,-83.6,5
32.4,-81.3,1
32.4,-80.8,5
32.4,-80.7,52
32.4,-80.6,10
32.4,-80.5,5
32.5,-117.1,2
32.5,-117,16
32.5,-111.3,31
32.5,-97.4,19
32.5,-97.3,85
32.5,-97.1,11
32.5,-96.8,8
32.5,-96.7,1
32.5,-93.9,1
32.5,-93.8,18
32.5,-93.7,6
32.5,-93.4,2
32.5,-92.7,1
32.5,-85.5,3
32.5,-85.4,18
32.5,-85.3,8
32.5,-85.1,44
32.5,-85,380
32.5,-84.9,372
32.5,-83.9,1
32.5,-83.8,3
32.5,-83.7,23
32.5,-83.6,28
32.5,-80.8,8
32.5,-80.7,9
32.5,-80.6,1
32.6,-117.1,535
32.6,-117,315
32.6,-116.9,14
32.6,-116.7,1
32.6,-116.6,2
32.6,-116.4,1
32.6,-97.4,101
32.6,-97.3,82
32.6,-97.2,121
32.6,-97.1,463
32.6,-97,26
32.6,-96.9,102
32.6,-96.8,118
32.6,-96.7,13
32.6,-93.8,2
32.6,-93.6,3
32.6,-93.5,1
32.6,-93.3,6
32.6,-86.3,1
32.6,-85.6,2
32.6,-85.5,78
32.6,-85.4,63
32.6,-85.3,8
32.6,-85.2,4
32.6,-85.1,7
32.6,-85,12
32.6,-84.9,22
32.6,-84.8,2
32.6,-83.7,268
32.6,-83.6,451
32.6,-80.8,2
32.6,-80.7,2
32.7,-117.3,15
32.7,-117.2,552
32.7,-117.1,818
32.7,-117,400
32.7,-116.9,37
32.7,-116.8,3
32.7,-116.3,2
32.7,-115.5,3
32.7,-98,1
32.7,-97.5,62
32.7,-97.4,253
32.7,-97.3,409
32.7,-97.2,443
32.7,-97.1,1524
32.7,-97,36
32.7,-96.9,964
32.7,-96.8,1380
32.7,-96.7,574
32.7,-96.6,243
32.7,-96.5,1
32.7,-96,1
32.7,-94,1
32.7,-93.7,2
32.7,-85.5,5
32.7,-85.4,15
32.7,-85.3,6
32.7,-85.2,6
32.7,-85.1,17
32.7,-84.9,1
32.7,-83.9,1
32.7,-83.7,12
32.7,-83.6,12
32.8,-117.3,91
32.8,-117.2,499
32.8,-117.1,435
32.8,-117,421
32.8,-116.9,187
32.8,-116.8,28
32.8,-116.7,9
32.8,-116.5,1
32.8,-115.6,1
32.8,-97.5,32
32.8,-97.4,301
32.8,-97.3,519
32.8,-97.2,167
32.8,-97.1,551
32.8,-97,646
32.8,-96.9,781
32.8,-96.8,1894
32.8,-96.7,1215
32.8,-96.6,78
32.8,-96.5,1
32.8,-93.1,3
32.8,-85.2,44
32.8,-83.7,3
32.8,-83.6,1
32.8,-80,2
32.8,-79.9,27
32.8,-79.8,19
32.9,-117.3,8
32.9,-117.2,126
32.9,-117.1,99
32.9,-117,68
32.9,-116.9,143
32.9,-116.8,1
32.9,-116.7,1
32.9,-116.6,1
32.9,-116.5,1
32.9,-115.4,3
32.9,-111.8,2
32.9,-111.7,1
32.9,-97.5,4
32.9,-97.4,81
32.9,-97.3,507
32.9,-97.2,34
32.9,-97.1,35
32.9,-97,542
32.9,-96.9,700
32.9,-96.8,1118
32.9,-96.7,1067
32.9,-96.6,28
32.9,-96.5,67
32.9,-96.4,17
32.9,-96.1,1
32.9,-93.7,1
32.9,-93.4,2
32.9,-86.7,1
32.9,-83.7,2
32.9,-80.7,2
32.9,-80.1,2
32.9,-80,1
32.9,-79.9,1
32.9,-79.8,9
33,-117.3,79
33,-117.2,39
33,-117.1,117
33,-117,49
33,-116.9,47
33,-116.8,23
33,-116.6,3
33,-111.5,1
33,-97.5,1
33,-97.4,12
33,-97.3,75
33,-97.2,7
33,-97.1,8
33,-97,273
33,-96.9,77
33,-96.8,284
33,-96.7,117
33,-96.6,64
33,-96.5,85
33,-96.4,2
33,-96.3,1
33,-93.5,6
33,-93.4,1
33,-85.5,1
33,-80.2,1
33.1,-117.3,82
33.1,-117.2,100
33.1,-117.1,173
33.1,-117,28
33.1,-116.9,3
33.1,-116.8,2
33.1,-116.7,1
33.1,-116.6,1
33.1,-116.4,1
33.1,-116.1,1
33.1,-112,2
33.1,-97.1,1
33.1,-97,62
33.1,-96.9,46
33.1,-96.8,388
33.1,-96.7,15
33.1,-96.6,2
33.1,-96.2,19
33.1,-96.1,163
33.1,-92.4,1
33.1,-89.9,2
33.1,-87.7,3
33.1,-87.6,13
33.1,-87.5,10
33.1,-87.4,3
33.1,-83.2,2
33.2,-117.4,95
33.2,-117.3,200
33.2,-117.2,185
33.2,-117.1,21
33.2,-117,33
33.2,-116.4,1
33.2,-96.9,52
33.2,-96.8,75
33.2,-96.7,64
33.2,-96.6,62
33.2,-96.1,7
33.2,-87.7,2
33.2,-87.6,41
33.2,-87.5,53
33.2,-87.4,4
33.2,-87.3,1
33.2,-87.2,1
33.2,-87.1,1
33.2,-87,3
33.2,-79.4,2
33.3,-118.3,7
33.3,-117.3,17
33.3,-117.2,31
33.3,-117.1,5
33.3,-117,22
33.3,-116.9,3
33.3,-116.6,1
33.3,-116.4,1
33.3,-112.1,9
33.3,-112,90
33.3,-111.9,42
33.3,-111.8,5
33.3,-111.7,14
33.3,-111.6,14
33.3,-93.2,1
33.3,-87.8,1
33.3,-87.7,1
33.3,-87.6,3
33.3,-87.5,2
33.3,-87.4,3
33.3,-87.2,4
33.3,-87.1,5
33.3,-86.8,1
33.4,-118.4,1
33.4,-117.6,20
33.4,-117.3,57
33.4,-117.2,44
33.4,-117.1,9
33.4,-112.3,29
33.4,-112.2,191
33.4,-112.1,508
33.4,-112,317
33.4,-111.9,1045
33.4,-111.8,2081
33.4,-111.7,789
33.4,-111.6,364
33.4,-94.6,1
33.4,-87.7,1
33.4,-87.6,4
33.4,-87.5,6
33.4,-87.2,1
33.4,-86.9,1
33.4,-86.7,1
33.4,-84.6,2
33.4,-82.3,18
33.4,-82.2,17
33.5,-117.8,1
33.5,-117.7,5
33.5,-117.6,40
33.5,-116.6,1
33.5,-112.4,18
33.5,-112.3,251
33.5,-112.2,1810
33.5,-112.1,1068
33.5,-112,610
33.5,-111.9,10
33.5,-111.8,182
33.5,-111.7,141
33.5,-111.6,5
33.5,-101.9,1
33.5,-88.4,2
33.5,-87.6,2
33.5,-87.5,1
33.5,-87,1
33.5,-86.9,3
33.5,-86.8,3
33.5,-86.7,1
33.5,-84.6,12
33.5,-84.5,3
33.5,-82.4,4
33.5,-82.3,44
33.5,-82.2,49
33.5,-82.1,238
33.5,-82,4
33.5,-79.6,1
33.5,-79.2,1
33.6,-118,9
33.6,-117.9,916
33.6,-117.8,84
33.6,-117.7,34
33.6,-117.6,2
33.6,-112.5,17
33.6,-112.4,323
33.6,-112.3,187
33.6,-112.2,1549
33.6,-112.1,680
33.6,-112,347
33.6,-111.9,45
33.6,-102,29
33.6,-101.9,1
33.6,-101.8,1
33.6,-87.4,1
33.6,-86.8,2
33.6,-86.7,2
33.6,-85,1
33.6,-84.7,3
33.6,-84.6,7
33.6,-84.5,108
33.6,-84.4,3
33.6,-84.3,4
33.6,-84.2,3
33.6,-84.1,9
33.6,-84,56
33.6,-82.4,5
33.6,-82.3,4
33.6,-82.2,24
33.6,-82.1,16
33.6,-81.9,1
33.6,-80.9,1
33.6,-79.1,33
33.6,-79,300
33.6,-78.9,8
33.7,-118.4,7
33.7,-118.3,202
33.7,-118.1,203
33.7,-118,234
33.7,-117.9,1068
33.7,-117.8,989
33.7,-117.7,20
33.7,-117.6,2
33.7,-117.3,1
33.7,-116.4,1
33.7,-116.3,4
33.7,-112.5,6
33.7,-112.4,31
33.7,-112.3,57
33.7,-112.2,312
33.7,-112.1,240
33.7,-112,110
33.7,-111.9,6
33.7,-96.5,1
33.7,-96.4,1
33.7,-84.9,1
33.7,-84.6,18
33.7,-84.5,120
33.7,-84.4,342
33.7,-84.3,905
33.7,-84.2,692
33.7,-84.1,281
33.7,-84,115
33.7,-82.4,1
33.7,-79.2,4
33.7,-79.1,31
33.7,-79,356
33.7,-78.9,180
33.7,-78.8,10
33.8,-118.4,112
33.8,-118.3,767
33.8,-118.2,194
33.8,-118.1,684
33.8,-118,629
33.8,-117.9,381
33.8,-117.8,162
33.8,-117.7,1
33.8,-116.5,1
33.8,-112.3,7
33.8,-112.2,2
33.8,-112.1,14
33.8,-112,14
33.8,-111.9,1
33.8,-96.6,1
33.8,-96.4,4
33.8,-84.6,21
33.8,-84.5,148
33.8,-84.4,562
33.8,-84.3,561
33.8,-84.2,826
33.8,-84.1,121
33.8,-84,27
33.8,-83.9,1
33.8,-83.3,1
33.8,-79.2,54
33.8,-79.1,96
33.8,-79,306
33.8,-78.9,71
33.8,-78.8,77
33.8,-78.7,125
33.8,-78.6,51
33.9,-118.4,221
33.9,-118.3,892
33.9,-118.2,1308
33.9,-118.1,1165
33.9,-118,792
33.9,-117.9,331
33.9,-117.8,9
33.9,-117.7,16
33.9,-117.6,6
33.9,-117.4,2
33.9,-117.2,1
33.9,-116.9,1
33.9,-116.4,1
33.9,-112.2,7
33.9,-112.1,1
33.9,-96.5,1
33.9,-84.5,7
33.9,-84.4,50
33.9,-84.3,528
33.9,-84.2,448
33.9,-84.1,320
33.9,-84,56
33.9,-83.9,14
33.9,-83.8,1
33.9,-83.5,5
33.9,-83.4,19
33.9,-83.3,15
33.9,-83.2,2
33.9,-79.3,1
33.9,-79.2,36
33.9,-79.1,98
33.9,-79,64
33.9,-78.9,12
33.9,-78.8,53
33.9,-78.7,138
33.9,-78.6,97
33.9,-78.5,1
34,-118.9,8
34,-118.8,45
34,-118.7,12
34,-118.6,11
34,-118.5,3220
34,-118.4,780
34,-118.3,2199
34,-118.2,917
34,-118.1,532
34,-118,286
34,-117.9,467
34,-117.8,217
34,-117.7,613
34,-117.6,5
34,-117.5,52
34,-117.4,34
34,-117.3,91
34,-117.2,125
34,-117.1,193
34,-117,110
34,-116.9,2
34,-116.6,3
34,-86.9,1
34,-86,2
34,-84.7,1
34,-84.3,40
34,-84.2,123
34,-84.1,373
34,-84,141
34,-83.9,62
34,-83.5,2
34,-83.4,66
34,-83.3,8
34,-79.3,3
34,-79.2,50
34,-79.1,18
34,-79,26
34,-78.9,66
34,-78.8,52
34,-78.7,8
34,-78.2,1
34.1,-119.2,5
34.1,-118.8,47
34.1,-118.7,25
34.1,-118.6,51
34.1,-118.5,69
34.1,-118.4,770
34.1,-118.3,1521
34.1,-118.2,661
34.1,-118.1,620
34.1,-118,343
34.1,-117.9,123
34.1,-117.8,91
34.1,-117.7,39
34.1,-117.6,797
34.1,-117.5,789
34.1,-117.4,938
34.1,-117.3,951
34.1,-117.2,1065
34.1,-117.1,67
34.1,-117,23
34.1,-116.5,11
34.1,-116.4,183
34.1,-116.3,39
34.1,-116.2,3
34.1,-116.1,71
34.1,-116,34
34.1,-114.4,6
34.1,-96.3,1
34.1,-84.7,1
34.1,-84.3,6
34.1,-84.2,60
34.1,-84.1,81
34.1,-84,200
34.1,-83.9,62
34.1,-83.4,1
34.1,-79.2,2
34.1,-79.1,6
34.1,-79,27
34.1,-78.9,60
34.1,-78.8,8
34.1,-77.9,2
34.2,-119.2,194
34.2,-119.1,10
34.2,-119,4
34.2,-118.9,1
34.2,-118.8,25
34.2,-118.7,37
34.2,-118.6,647
34.2,-118.5,736
34.2,-118.4,927
34.2,-118.3,446
34.2,-118.2,168
34.2,-118.1,78
34.2,-118,16
34.2,-117.7,5
34.2,-117.6,39
34.2,-117.5,47
34.2,-117.4,90
34.2,-117.3,418
34.2,-117.2,52
34.2,-117.1,13
34.2,-116.9,100
34.2,-116.8,21
34.2,-116.6,1
34.2,-116.5,3
34.2,-116.4,20
34.2,-116.3,8
34.2,-116.2,4
34.2,-116.1,28
34.2,-116,8
34.2,-115.9,6
34.2,-115.8,2
34.2,-97.2,1
34.2,-92,1
34.2,-85.6,1
34.2,-84.8,1
34.2,-84.3,6
34.2,-84.2,117
34.2,-84.1,92
34.2,-84,6
34.2,-83.8,1
34.2,-79.1,8
34.2,-79,13
34.2,-78.9,2
34.2,-78.1,9
34.2,-78,75
34.2,-77.9,621
34.2,-77.8,33
34.3,-119.3,3
34.3,-119.2,2
34.3,-118.6,90
34.3,-118.5,284
34.3,-118.4,228
34.3,-118.3,60
34.3,-117.5,2
34.3,-117.3,4
34.3,-117.2,23
34.3,-116.9,20
34.3,-116.8,13
34.3,-116.6,1
34.3,-116.4,11
34.3,-114.2,1
34.3,-93.6,2
34.3,-85.2,2
34.3,-84.3,4
34.3,-84.2,37
34.3,-84.1,34
34.3,-84,49
34.3,-82.8,1
34.3,-82.7,5
34.3,-82.6,5
34.3,-79,2
34.3,-78.7,1
34.3,-78.1,11
34.3,-78,4
34.3,-77.9,40
34.3,-77.8,8
34.4,-119.8,7
34.4,-119.7,246
34.4,-119.1,1
34.4,-118.7,3
34.4,-118.6,93
34.4,-118.5,136
34.4,-118.4,23
34.4,-118.2,2
34.4,-118.1,42
34.4,-117.6,30
34.4,-117.5,10
34.4,-117.4,139
34.4,-117.3,440
34.4,-117.2,40
34.4,-117,11
34.4,-116.9,9
34.4,-116.8,4
34.4,-116.5,1
34.4,-82.8,6
34.4,-82.7,18
34.4,-82.6,16
34.4,-82.5,6
34.4,-82.4,1
34.4,-77.9,1
34.5,-118.7,1
34.5,-118.6,83
34.5,-118.5,19
34.5,-118.4,2
34.5,-118.3,6
34.5,-118.2,28
34.5,-118.1,14
34.5,-118,26
34.5,-117.9,9
34.5,-117.8,1
34.5,-117.7,1
34.5,-117.6,9
34.5,-117.5,16
34.5,-117.4,550
34.5,-117.3,1036
34.5,-117.2,399
34.5,-117.1,5
34.5,-117,2
34.5,-116.9,5
34.5,-112.5,67
34.5,-112.4,8
34.5,-83,1
34.5,-82.9,8
34.5,-82.8,24
34.5,-82.7,83
34.5,-82.6,65
34.5,-82.5,8
34.5,-80.9,4
34.5,-77.9,1
34.5,-77.5,8
34.5,-77.4,9
34.6,-118.4,3
34.6,-118.3,4
34.6,-118.2,128
34.6,-118.1,379
34.6,-118,111
34.6,-117.9,20
34.6,-117.8,21
34.6,-117.7,3
34.6,-117.6,8
34.6,-117.5,4
34.6,-117.4,92
34.6,-117.3,48
34.6,-117.2,19
34.6,-117.1,6
34.6,-115.7,2
34.6,-115.5,10
34.6,-112.5,43
34.6,-112.4,5
34.6,-86.8,1
34.6,-86.6,5
34.6,-86.5,1
34.6,-82.9,2
34.6,-82.8,15
34.6,-82.7,21
34.6,-82.6,18
34.6,-82.5,19
34.6,-81.3,1
34.6,-81.2,2
34.6,-81.1,4
34.6,-81,7
34.6,-80.9,5
34.6,-79,1
34.6,-78,2
34.6,-77.5,4
34.6,-77.4,2
34.6,-77.2,2
34.7,-118.6,1
34.7,-118.5,2
34.7,-118.4,4
34.7,-118.3,6
34.7,-118.2,206
34.7,-118.1,415
34.7,-118,3
34.7,-117.9,18
34.7,-117.8,2
34.7,-117.7,1
34.7,-117.5,2
34.7,-117.4,2
34.7,-117.3,8
34.7,-106.7,1
34.7,-92.3,1
34.7,-87.5,1
34.7,-86.7,16
34.7,-86.6,80
34.7,-86.5,2
34.7,-86.4,1
34.7,-83,1
34.7,-82.8,5
34.7,-82.7,5
34.7,-82.6,14
34.7,-82.5,29
34.7,-81.4,2
34.7,-81.3,12
34.7,-81.2,66
34.7,-81.1,9
34.7,-81,22
34.7,-80.9,5
34.7,-79.3,1
34.7,-79,1
34.7,-78,1
34.7,-77.6,6
34.7,-77.5,26
34.7,-77.4,1
34.7,-77.3,19
34.7,-77.2,38
34.7,-77.1,7
34.8,-118.6,6
34.8,-118.3,5
34.8,-117.4,1
34.8,-117.3,7
34.8,-117,2
34.8,-116.7,1
34.8,-116.6,5
34.8,-114.6,75
34.8,-87.2,2
34.8,-87,1
34.8,-86.7,6
34.8,-86.6,35
34.8,-82.6,5
34.8,-82.5,31
34.8,-82.4,107
34.8,-82.3,39
34.8,-81.4,4
34.8,-81.3,10
34.8,-81.2,9
34.8,-81.1,11
34.8,-81,7
34.8,-80.9,2
34.8,-80.7,3
34.8,-80.6,6
34.8,-80.5,3
34.8,-80.4,4
34.8,-79.5,1
34.8,-79,1
34.8,-77.7,1
34.8,-77.6,9
34.8,-77.5,34
34.8,-77.4,38
34.8,-77.3,14
34.8,-77.2,2
34.9,-117.2,2
34.9,-117.1,20
34.9,-117,23
34.9,-116.9,13
34.9,-116.8,2
34.9,-116.7,2
34.9,-115.1,2
34.9,-114.6,2
34.9,-90,1
34.9,-89.8,1
34.9,-86.6,1
34.9,-84.1,2
34.9,-83.9,1
34.9,-82.5,1
34.9,-82.4,73
34.9,-82.3,22
34.9,-82.2,1
34.9,-82.1,1
34.9,-81.9,1
34.9,-81.1,1
34.9,-80.8,10
34.9,-80.7,30
34.9,-80.6,10
34.9,-80.5,10
34.9,-80.4,6
34.9,-79.2,1
34.9,-78.8,1
34.9,-78.7,1
34.9,-77.6,6
34.9,-77.5,7
34.9,-77.3,1
34.9,-77.2,2
35,-120.6,9
35,-120.5,142
35,-120.4,44
35,-117.6,1
35,-117.5,1
35,-106.8,6
35,-106.7,125
35,-106.6,12
35,-106.5,7
35,-101.9,51
35,-90.8,1
35,-90.1,193
35,-90,470
35,-89.9,283
35,-89.8,141
35,-89.7,4
35,-89.6,1
35,-86.9,1
35,-86.6,1
35,-85.3,16
35,-85.2,1
35,-84.4,1
35,-82.5,3
35,-82.4,2
35,-82.1,2
35,-82,7
35,-81.2,1
35,-81.1,1
35,-80.8,12
35,-80.7,41
35,-80.6,146
35,-80.5,161
35,-80.4,49
35,-80.3,5
35,-79.1,60
35,-79,229
35,-78.9,187
35,-78.8,26
35,-78.7,1
35,-78.5,1
35,-78.2,1
35,-77.6,1
35.1,-120.6,146
35.1,-120.5,10
35.1,-120.4,1
35.1,-116.2,1
35.1,-106.8,17
35.1,-106.7,830
35.1,-106.6,1976
35.1,-106.5,761
35.1,-101.9,274
35.1,-101.8,6
35.1,-90.1,315
35.1,-90,1492
35.1,-89.9,1142
35.1,-89.8,187
35.1,-89.6,1
35.1,-85.2,2
35.1,-83.4,1
35.1,-81.9,1
35.1,-81.2,1
35.1,-81,1
35.1,-80.7,47
35.1,-80.6,65
35.1,-80.5,15
35.1,-80.4,5
35.1,-80.3,2
35.1,-79.1,13
35.1,-79,567
35.1,-78.9,497
35.1,-78.8,1
35.1,-77.1,1
35.2,-120.8,2
35.2,-120.7,16
35.2,-120.6,22
35.2,-120.5,2
35.2,-120.4,1
35.2,-120.3,1
35.2,-117.8,2
35.2,-115.5,2
35.2,-115.4,6
35.2,-115.3,7
35.2,-111.7,1
35.2,-106.8,2
35.2,-106.7,401
35.2,-106.6,185
35.2,-106.5,42
35.2,-102.1,1
35.2,-102,32
35.2,-101.9,2576
35.2,-101.8,2642
35.2,-101.7,120
35.2,-94.3,1
35.2,-90.1,3
35.2,-90,932
35.2,-89.9,711
35.2,-89.8,240
35.2,-89.7,14
35.2,-89.5,2
35.2,-82.7,2
35.2,-82.6,1
35.2,-81.7,2
35.2,-81.6,7
35.2,-81.5,24
35.2,-81.4,18
35.2,-81.3,55
35.2,-81.2,601
35.2,-81.1,246
35.2,-81,48
35.2,-80.9,1717
35.2,-80.8,2105
35.2,-80.7,3
35.2,-80.6,6
35.2,-80.5,19
35.2,-80.4,1
35.2,-80.3,1
35.2,-79.7,2
35.2,-79.1,1
35.2,-78.9,8
35.2,-78.6,1
35.3,-120.9,3
35.3,-120.8,105
35.3,-120.7,22
35.3,-120.6,5
35.3,-120.5,3
35.3,-120,3
35.3,-119.2,1
35.3,-119.1,181
35.3,-119,261
35.3,-118.9,6
35.3,-116.1,4
35.3,-102.1,1
35.3,-102,1
35.3,-101.9,2
35.3,-101.8,144
35.3,-97.6,6
35.3,-97.1,5
35.3,-96.9,184
35.3,-90.1,1
35.3,-90,1
35.3,-89.9,50
35.3,-89.7,1
35.3,-89.6,1
35.3,-89.2,1
35.3,-84.8,1
35.3,-82,3
35.3,-81.7,1
35.3,-81.6,14
35.3,-81.5,81
35.3,-81.4,24
35.3,-81.3,280
35.3,-81.2,1124
35.3,-81.1,566
35.3,-81,77
35.3,-80.9,284
35.3,-80.8,245
35.3,-80.7,19
35.3,-80.6,30
35.3,-80.5,25
35.3,-80.4,3
35.3,-79.6,2
35.3,-79.4,1
35.3,-79,1
35.3,-78.9,1
35.3,-78.7,3
35.3,-78.6,3
35.3,-78.5,1
35.3,-78,1
35.3,-77.6,2
35.4,-120.9,12
35.4,-120.8,2
35.4,-120.7,1
35.4,-120.6,18
35.4,-120.5,4
35.4,-120.4,1
35.4,-119.2,2
35.4,-119.1,116
35.4,-119,436
35.4,-118.9,36
35.4,-115.4,2
35.4,-101.2,3
35.4,-97.5,5
35.4,-97.4,1
35.4,-97,3
35.4,-96.9,102
35.4,-96.8,2
35.4,-96,1
35.4,-94.4,2
35.4,-89.9,22
35.4,-89.8,4
35.4,-89.3,1
35.4,-82.6,3
35.4,-82.5,4
35.4,-82,2
35.4,-81.7,1
35.4,-81.6,11
35.4,-81.5,7
35.4,-81.4,29
35.4,-81.3,72
35.4,-81.2,60
35.4,-81.1,85
35.4,-81,47
35.4,-80.9,10
35.4,-80.8,8
35.4,-80.7,26
35.4,-80.6,189
35.4,-80.5,24
35.4,-80.4,6
35.4,-79.2,1
35.4,-79.1,1
35.4,-78.8,2
35.4,-78.7,1
35.4,-78.6,1
35.4,-78.4,1
35.4,-78,1
35.4,-77.7,1
35.4,-77.4,12
35.4,-77.3,3
35.4,-77.2,1
35.5,-121.1,8
35.5,-121,2
35.5,-120.9,3
35.5,-120.8,1
35.5,-120.7,33
35.5,-120.6,15
35.5,-120.5,8
35.5,-97.7,1
35.5,-97.6,4
35.5,-97.5,7
35.5,-97.4,1
35.5,-89.7,2
35.5,-82.8,5
35.5,-82.7,29
35.5,-82.6,13
35.5,-82.5,31
35.5,-82.4,15
35.5,-82.3,1
35.5,-81.6,3
35.5,-81.5,13
35.5,-81.4,20
35.5,-81.3,39
35.5,-81.2,83
35.5,-81.1,28
35.5,-81,33
35.5,-80.9,58
35.5,-80.8,5
35.5,-80.7,57
35.5,-80.6,70
35.5,-80.5,22
35.5,-80.4,15
35.5,-80.3,2
35.5,-80.2,1
35.5,-79.2,8
35.5,-78.8,8
35.5,-78.7,11
35.5,-78.6,1
35.5,-78.5,1
35.5,-78.4,3
35.5,-78.3,1
35.5,-78.2,3
35.5,-78.1,1
35.5,-77.6,3
35.5,-77.5,3
35.5,-77.4,33
35.5,-77.3,27
35.5,-77.2,6
35.6,-121.1,41
35.6,-120.9,3
35.6,-120.8,4
35.6,-120.7,82
35.6,-120.6,14
35.6,-120.5,7
35.6,-120.4,1
35.6,-120.2,1
35.6,-119.3,1
35.6,-97.7,1
35.6,-97.6,2
35.6,-97.5,4
35.6,-97.4,1
35.6,-97.3,1
35.6,-96,1
35.6,-87.1,105
35.6,-87,167
35.6,-86.9,3
35.6,-82.8,1
35.6,-82.7,39
35.6,-82.6,75
35.6,-82.5,59
35.6,-82.4,29
35.6,-82.3,6
35.6,-81.6,2
35.6,-81.5,3
35.6,-81.3,1
35.6,-81.2,2
35.6,-81.1,1
35.6,-80.8,7
35.6,-80.7,14
35.6,-80.6,55
35.6,-80.5,47
35.6,-80.4,42
35.6,-80.3,10
35.6,-80.2,1
35.6,-78.9,13
35.6,-78.8,69
35.6,-78.7,35
35.6,-78.6,26
35.6,-78.5,7
35.6,-78.4,2
35.6,-78.3,2
35.6,-78.1,9
35.6,-78,30
35.6,-77.9,12
35.6,-77.8,11
35.6,-77.6,10
35.6,-77.5,13
35.6,-77.4,1870
35.6,-77.3,495
35.6,-77.2,14
35.6,-77.1,10
35.6,-77,1
35.7,-121,1
35.7,-120.9,16
35.7,-120.8,1
35.7,-120.7,17
35.7,-120.6,19
35.7,-120.5,3
35.7,-120.4,12
35.7,-117.4,4
35.7,-97.3,1
35.7,-96.1,1
35.7,-91.3,1
35.7,-87,25
35.7,-84,5
35.7,-82.8,2
35.7,-82.7,11
35.7,-82.6,15
35.7,-82.5,8
35.7,-82.4,2
35.7,-82.3,1
35.7,-81.4,50
35.7,-81.3,266
35.7,-81.2,2
35.7,-80.7,7
35.7,-80.6,33
35.7,-80.5,95
35.7,-80.4,19
35.7,-80.3,7
35.7,-80.2,1
35.7,-79.5,2
35.7,-79.2,2
35.7,-79,2
35.7,-78.9,30
35.7,-78.8,129
35.7,-78.7,180
35.7,-78.6,311
35.7,-78.5,75
35.7,-78.4,5
35.7,-78.2,3
35.7,-78.1,16
35.7,-78,89
35.7,-77.9,695
35.7,-77.8,33
35.7,-77.7,5
35.7,-77.6,4
35.7,-77.5,12
35.7,-77.4,48
35.7,-77.3,3
35.7,-77.2,2
35.8,-121,3
35.8,-120.7,18
35.8,-120.6,1
35.8,-117.4,6
35.8,-96.4,1
35.8,-95.9,1
35.8,-82.6,3
35.8,-82.5,3
35.8,-81.4,7
35.8,-81.3,61
35.8,-81.2,2
35.8,-80.8,1
35.8,-80.7,3
35.8,-80.6,11
35.8,-80.5,2
35.8,-80.4,3
35.8,-80.3,151
35.8,-80.2,48
35.8,-79.1,2
35.8,-79,1
35.8,-78.9,95
35.8,-78.8,411
35.8,-78.7,630
35.8,-78.6,1486
35.8,-78.5,171
35.8,-78.4,63
35.8,-78.3,35
35.8,-78.2,2
35.8,-78.1,6
35.8,-78,35
35.8,-77.9,95
35.8,-77.8,20
35.8,-77.5,1
35.8,-77.4,3
35.8,-77.3,1
35.9,-119.4,2
35.9,-97.6,1
35.9,-96,1
35.9,-95.9,7
35.9,-95.6,1
35.9,-86.4,1
35.9,-84.1,2
35.9,-84,1
35.9,-83.8,1
35.9,-80.4,1
35.9,-80.3,4
35.9,-80.2,2
35.9,-80,172
35.9,-79.9,5
35.9,-79.8,2
35.9,-79.7,2
35.9,-79.6,2
35.9,-79.3,1
35.9,-79.2,1
35.9,-79.1,5
35.9,-79,39
35.9,-78.9,127
35.9,-78.8,108
35.9,-78.7,267
35.9,-78.6,469
35.9,-78.5,64
35.9,-78.4,15
35.9,-78.3,7
35.9,-78.1,1
35.9,-77.8,9
36,-115.3,121
36,-115.2,355
36,-115.1,273
36,-114.9,1
36,-114.8,1
36,-96.1,1
36,-96,61
36,-95.9,305
36,-95.8,11
36,-95.4,2
36,-87,7
36,-86.8,15
36,-86.7,119
36,-86.6,37
36,-84,2
36,-83.9,5
36,-82.1,1
36,-81.7,1
36,-80.4,5
36,-80.3,186
36,-80.2,132
36,-80.1,17
36,-80,355
36,-79.9,140
36,-79.8,505
36,-79.7,8
36,-79.6,5
36,-79.4,8
36,-79.3,1
36,-79.1,2
36,-79,95
36,-78.9,526
36,-78.8,48
36,-78.7,12
36,-78.6,26
36,-78.5,33
36,-78.4,1
36,-78.3,2
36,-78.2,1
36,-77.8,2
36.1,-115.3,682
36.1,-115.2,2280
36.1,-115.1,2324
36.1,-115,246
36.1,-96.1,62
36.1,-96,1468
36.1,-95.9,1966
36.1,-95.8,448
36.1,-95.7,49
36.1,-95.6,31
36.1,-87,16
36.1,-86.9,141
36.1,-86.8,277
36.1,-86.7,448
36.1,-86.6,155
36.1,-83.9,1
36.1,-80.4,57
36.1,-80.3,1427
36.1,-80.2,2141
36.1,-80.1,63
36.1,-80,38
36.1,-79.9,429
36.1,-79.8,1376
36.1,-79.7,171
36.1,-79.6,17
36.1,-79.5,3
36.1,-79.4,96
36.1,-79.2,3
36.1,-79.1,2
36.1,-79,1
36.1,-78.9,58
36.1,-78.8,2
36.1,-78.7,5
36.1,-78.6,7
36.1,-78.5,3
36.1,-78.4,2
36.1,-78.3,1
36.2,-119.3,1
36.2,-116,1
36.2,-115.4,17
36.2,-115.3,716
36.2,-115.2,1892
36.2,-115.1,2517
36.2,-115,297
36.2,-96.1,8
36.2,-96,1470
36.2,-95.9,938
36.2,-95.8,107
36.2,-94.1,1
36.2,-89.7,1
36.2,-87,3
36.2,-86.9,55
36.2,-86.8,890
36.2,-86.7,399
36.2,-86.6,184
36.2,-81.7,47
36.2,-81.6,2
36.2,-80.4,7
36.2,-80.3,487
36.2,-80.2,140
36.2,-80,11
36.2,-79.9,7
36.2,-79.8,13
36.2,-79.7,21
36.2,-79.6,3
36.2,-78.5,1
36.2,-77.5,1
36.3,-119.3,4
36.3,-115.3,254
36.3,-115.2,113
36.3,-115,1
36.3,-95.8,1
36.3,-87.3,1
36.3,-87,2
36.3,-86.9,18
36.3,-86.8,58
36.3,-86.7,332
36.3,-86.6,10
36.3,-83.8,1
36.3,-81.8,2
36.3,-79.9,1
36.3,-79,1
36.3,-78.5,1
36.3,-78.4,4
36.3,-76.2,9
36.4,-97.9,1
36.4,-95.9,2
36.4,-95.7,1
36.4,-87.5,4
36.4,-87.4,3
36.4,-87.3,3
36.4,-86.9,5
36.4,-86.8,1
36.4,-86.7,3
36.4,-78.5,1
36.4,-78.4,1
36.4,-77.7,1
36.4,-77.6,3
36.5,-119.6,1
36.5,-119.3,1
36.5,-95.4,13
36.5,-87.5,7
36.5,-87.4,13
36.5,-87.3,5
36.5,-87.2,9
36.5,-79.5,1
36.5,-79.4,1
36.5,-78.8,1
36.5,-77.7,13
36.5,-77.6,10
36.5,-77.4,1
36.6,-121.9,1
36.6,-121.8,1
36.6,-119.8,2
36.6,-119.7,3
36.6,-87.5,2
36.6,-87.4,3
36.6,-87.3,2
36.6,-87.2,3
36.6,-79.5,80
36.6,-79.4,451
36.6,-79.3,11
36.6,-76.8,3
36.6,-76.7,1
36.6,-76.6,2
36.6,-76.1,2
36.6,-76,1
36.7,-121.7,1
36.7,-121.6,3
36.7,-119.9,2
36.7,-119.8,211
36.7,-119.7,157
36.7,-90.4,1
36.7,-79.5,1
36.7,-79.4,4
36.7,-76.9,1
36.7,-76.8,2
36.7,-76.7,9
36.7,-76.6,208
36.7,-76.5,6
36.7,-76.3,36
36.7,-76.2,24
36.7,-76.1,6
36.7,-76,9
36.7,-75.9,2
36.8,-121.8,13
36.8,-121.7,1
36.8,-121.6,2
36.8,-119.9,150
36.8,-119.8,754
36.8,-119.7,366
36.8,-119.6,2
36.8,-88.4,1
36.8,-84.8,1
36.8,-80,1
36.8,-76.6,39
36.8,-76.5,51
36.8,-76.4,185
36.8,-76.3,590
36.8,-76.2,134
36.8,-76.1,276
36.8,-76,142
36.9,-121.8,1
36.9,-121.7,1
36.9,-121.4,2
36.9,-119.8,50
36.9,-119.7,39
36.9,-119.6,1
36.9,-94.3,1
36.9,-86.4,1
36.9,-77.4,1
36.9,-76.6,5
36.9,-76.5,16
36.9,-76.4,154
36.9,-76.3,614
36.9,-76.2,479
36.9,-76.1,67
36.9,-76,55
37,-122.1,14
37,-122,551
37,-121.6,1
37,-93.3,1
37,-85.5,1
37,-79.9,1
37,-76.5,91
37,-76.4,443
37,-76.3,39
37.1,-113.6,2
37.1,-94.5,1
37.1,-94.4,1
37.1,-93.3,235
37.1,-93.2,18
37.1,-93.1,2
37.1,-76.6,19
37.1,-76.5,570
37.1,-76.4,3
37.2,-121.8,3
37.2,-93.4,113
37.2,-93.3,3010
37.2,-93.2,307
37.2,-80.1,1
37.2,-80,10
37.2,-79.9,3
37.2,-77.4,33
37.2,-76.6,44
37.2,-76.5,64
37.3,-122.1,2
37.3,-122,71
37.3,-121.9,64
37.3,-121.8,28
37.3,-93.3,78
37.3,-93.2,6
37.3,-93.1,1
37.3,-80.2,1
37.3,-80.1,9
37.3,-80,5
37.3,-79.9,78
37.3,-77.4,49
37.4,-122.1,4
37.4,-122,8
37.4,-121.9,9
37.4,-121.8,11
37.4,-102.6,1
37.4,-92.8,1
37.4,-81.1,3
37.4,-80,1
37.4,-79.2,2
37.4,-77.4,16
37.4,-77.3,16
37.4,-77.2,5
37.5,-122.4,1
37.5,-122.3,1
37.5,-122.1,2
37.5,-122,363
37.5,-121.9,149
37.5,-118.6,1
37.5,-98.7,4
37.5,-77.6,3
37.5,-77.5,1
37.5,-77.4,664
37.5,-77.3,268
37.5,-77.2,9
37.6,-122.4,4
37.6,-122.3,3
37.6,-122.1,54
37.6,-122,331
37.6,-121.9,2
37.6,-121,16
37.6,-97.5,2
37.6,-97.4,72
37.6,-97.3,156
37.6,-97.2,4
37.6,-93.4,1
37.6,-93.1,1
37.6,-77.7,1
37.6,-77.6,474
37.6,-77.5,830
37.6,-77.4,493
37.6,-77.3,36
37.7,-122.5,1230
37.7,-122.4,3630
37.7,-122.3,6
37.7,-122.2,220
37.7,-122.1,21
37.7,-121.9,2
37.7,-121.8,1
37.7,-121.5,44
37.7,-121.4,248
37.7,-121.1,1
37.7,-121,7
37.7,-120.9,1
37.7,-97.5,66
37.7,-97.4,386
37.7,-97.3,596
37.7,-97.2,167
37.7,-97,1
37.7,-92.7,1
37.7,-84.8,1
37.7,-78.1,1
37.7,-77.6,180
37.7,-77.5,117
37.7,-77.4,4
37.8,-122.5,1916
37.8,-122.4,14905
37.8,-122.3,924
37.8,-122.2,1175
37.8,-122.1,13
37.8,-122,392
37.8,-121.9,81
37.8,-121.5,76
37.8,-121.4,113
37.8,-121.3,4
37.8,-121.2,2
37.8,-97.4,3
37.8,-97.3,6
37.8,-97.2,1
37.8,-95.9,1
37.8,-87.1,1
37.8,-84.7,1
37.8,-81.2,1
37.9,-122.6,1
37.9,-122.5,1
37.9,-122.4,233
37.9,-122.3,960
37.9,-122.2,38
37.9,-122.1,98
37.9,-122,29
37.9,-121.3,7
37.9,-92,1
37.9,-84.5,6
37.9,-84.4,6
37.9,-84.3,1
38,-122.5,2
38,-122.4,15
38,-122.3,43
38,-122.2,1
38,-122.1,2
38,-121.8,7
38,-121.4,1
38,-121.3,33
38,-121.2,2
38,-98.4,1
38,-98.2,1
38,-98,1
38,-97.9,22
38,-87.5,2
38,-87.4,1
38,-84.7,1
38,-84.6,86
38,-84.5,977
38,-84.4,244
38,-84.3,1
38,-78.5,283
38.1,-122.5,1
38.1,-122.3,2
38.1,-122.2,3
38.1,-103.7,1
38.1,-98.2,1
38.1,-98,8
38.1,-97.9,165
38.1,-88.9,1
38.1,-85.9,112
38.1,-85.8,109
38.1,-85.7,202
38.1,-85.6,50
38.1,-84.6,23
38.1,-84.5,498
38.1,-84.4,54
38.1,-84.3,1
38.1,-78.6,1
38.1,-78.5,35
38.1,-76.4,4
38.2,-122.8,1
38.2,-122.7,26
38.2,-122.6,300
38.2,-122.5,17
38.2,-122.4,2
38.2,-121.3,1
38.2,-103.7,1
38.2,-90.5,1
38.2,-85.9,45
38.2,-85.8,599
38.2,-85.7,404
38.2,-85.6,137
38.2,-85.5,28
38.2,-85.4,9
38.2,-84.5,2
38.2,-84.4,1
38.2,-76.6,1
38.2,-76.5,2
38.2,-75.7,7
38.3,-123.1,7
38.3,-123,10
38.3,-122.9,1
38.3,-122.8,6
38.3,-122.7,188
38.3,-122.6,116
38.3,-122.5,148
38.3,-122.4,26
38.3,-122,109
38.3,-121.9,20
38.3,-121.6,1
38.3,-120.5,1
38.3,-95.3,2
38.3,-90.5,1
38.3,-85.8,214
38.3,-85.7,84
38.3,-85.6,67
38.3,-85.5,33
38.3,-85.4,1
38.3,-77.5,90
38.3,-77.4,13
38.3,-76.6,3
38.3,-76.5,2
38.3,-75.9,5
38.3,-75.8,4
38.3,-75.7,10
38.3,-75.6,211
38.3,-75.5,12
38.3,-75.4,2
38.3,-75.3,1
38.4,-123.1,11
38.4,-123,8
38.4,-122.9,48
38.4,-122.8,222
38.4,-122.7,1934
38.4,-122.6,45
38.4,-122.5,26
38.4,-122,160
38.4,-121.9,23
38.4,-121.4,6
38.4,-121.3,1
38.4,-93.8,1
38.4,-91,2
38.4,-82.4,2
38.4,-81.9,1
38.4,-81.7,1
38.4,-78.7,1
38.4,-77.5,7
38.4,-77.4,7
38.4,-75.8,4
38.4,-75.7,41
38.4,-75.6,1638
38.4,-75.5,88
38.4,-75.4,51
38.4,-75.3,10
38.4,-75.1,2
38.5,-123.3,1
38.5,-123.2,1
38.5,-123.1,2
38.5,-123,146
38.5,-122.9,88
38.5,-122.8,347
38.5,-122.7,1148
38.5,-122.6,31
38.5,-121.6,20
38.5,-121.5,66
38.5,-121.4,57
38.5,-121.3,8
38.5,-121.2,2
38.5,-93.6,1
38.5,-92.3,1
38.5,-92.2,2
38.5,-90.4,1
38.5,-90.1,6
38.5,-90,237
38.5,-89.9,33
38.5,-81.9,1
38.5,-77.6,1
38.5,-77.5,3
38.5,-77.4,27
38.5,-77.3,3
38.5,-77,1
38.5,-76.8,1
38.5,-76.7,1
38.5,-76.2,1
38.5,-75.8,10
38.5,-75.7,12
38.5,-75.6,18
38.5,-75.4,2
38.6,-123.3,1
38.6,-123.2,2
38.6,-122.9,26
38.6,-122.8,17
38.6,-122.7,5
38.6,-121.7,1
38.6,-121.6,57
38.6,-121.5,237
38.6,-121.4,225
38.6,-121.3,435
38.6,-121.2,30
38.6,-121.1,7
38.6,-94,1
38.6,-92.3,3
38.6,-92.2,8
38.6,-92.1,5
38.6,-90.5,4
38.6,-90.3,5
38.6,-90.2,1
38.6,-90.1,20
38.6,-90,32
38.6,-81.9,1
38.6,-77.9,1
38.6,-77.4,6
38.6,-77.3,42
38.6,-77.1,1
38.6,-77,2
38.6,-76.9,2
38.6,-76.8,1
38.6,-76.7,2
38.6,-75.6,1
38.6,-75.4,1
38.7,-123.5,1
38.7,-123.2,6
38.7,-123.1,1
38.7,-123,6
38.7,-122.9,44
38.7,-122.8,1
38.7,-121.8,189
38.7,-121.7,41
38.7,-121.6,6
38.7,-121.5,48
38.7,-121.4,257
38.7,-121.3,397
38.7,-121.2,213
38.7,-121.1,41
38.7,-120.9,1
38.7,-104.7,2
38.7,-95,3
38.7,-94.8,2
38.7,-94.7,1
38.7,-94.6,2
38.7,-92.5,1
38.7,-90.6,4
38.7,-90.5,11
38.7,-90.4,24
38.7,-90.3,99
38.7,-90.2,34
38.7,-90.1,1
38.7,-90,2
38.7,-83,1
38.7,-77.5,2
38.7,-77.4,6
38.7,-77.3,30
38.7,-77.2,20
38.7,-77.1,27
38.7,-77,73
38.7,-76.9,30
38.7,-76.8,27
38.7,-76.7,11
38.7,-76.6,4
38.7,-76.5,15
38.8,-123,27
38.8,-122.8,1
38.8,-121.4,19
38.8,-121.3,293
38.8,-121.2,19
38.8,-120.6,1
38.8,-104.9,2
38.8,-104.8,55
38.8,-104.7,9
38.8,-95.1,2
38.8,-95,20
38.8,-94.9,34
38.8,-94.8,14
38.8,-94.7,17
38.8,-94.6,6
38.8,-93.7,1
38.8,-92.3,8
38.8,-92.2,1
38.8,-91.9,1
38.8,-90.9,1
38.8,-90.8,39
38.8,-90.7,5
38.8,-90.4,1
38.8,-90.3,42
38.8,-90.2,100
38.8,-90.1,1
38.8,-90,2
38.8,-81.1,1
38.8,-77.7,3
38.8,-77.6,4
38.8,-77.5,17
38.8,-77.4,18
38.8,-77.3,71
38.8,-77.2,58
38.8,-77.1,525
38.8,-77,696
38.8,-76.9,460
38.8,-76.8,129
38.8,-76.7,82
38.8,-76.6,32
38.8,-76.5,62
38.9,-119.8,1
38.9,-119.6,6
38.9,-104.8,22
38.9,-104.7,3
38.9,-103.1,4
38.9,-96.5,1
38.9,-96.4,12
38.9,-96.1,1
38.9,-95.8,2
38.9,-95.7,1
38.9,-95.6,1
38.9,-95.5,1
38.9,-95.3,5
38.9,-95.2,1
38.9,-95,7
38.9,-94.9,7
38.9,-94.8,29
38.9,-94.7,1
38.9,-94.6,1
38.9,-94.5,2
38.9,-94.4,1
38.9,-92.5,1
38.9,-92.4,38
38.9,-92.3,74
38.9,-92.2,4
38.9,-92.1,1
38.9,-91.9,1
38.9,-91.8,1
38.9,-90.2,5
38.9,-90.1,4
38.9,-90,2
38.9,-78.5,1
38.9,-77.9,1
38.9,-77.6,1
38.9,-77.5,14
38.9,-77.4,41
38.9,-77.3,135
38.9,-77.2,96
38.9,-77.1,242
38.9,-77,1499
38.9,-76.9,883
38.9,-76.8,178
38.9,-76.7,99
38.9,-76.6,189
38.9,-76.5,95
39,-121.8,1
39,-121.5,1
39,-121.4,2
39,-119.9,3
39,-119.8,40
39,-108.6,3
39,-108.5,14
39,-104.8,4
39,-104.7,1
39,-96.9,1
39,-96.8,1
39,-95.8,26
39,-95.7,84
39,-95.6,17
39,-95.2,2
39,-95,34
39,-94.9,11
39,-94.7,13
39,-94.6,3
39,-94.5,4
39,-92.8,2
39,-92.7,2
39,-92.6,1
39,-92.5,3
39,-92.4,28
39,-92.3,171
39,-92.2,19
39,-91.9,1
39,-87.9,1
39,-84.6,1
39,-84.3,1
39,-78.5,1
39,-78.4,1
39,-78.3,77
39,-78.2,18
39,-77.7,3
39,-77.6,2
39,-77.5,21
39,-77.4,148
39,-77.3,13
39,-77.2,34
39,-77.1,476
39,-77,1007
39,-76.9,460
39,-76.8,94
39,-76.7,276
39,-76.6,110
39,-76.5,527
39,-76.4,37
39,-74.9,23
39,-74.8,3
39.1,-121.7,118
39.1,-121.6,1255
39.1,-121.5,9
39.1,-119.8,5
39.1,-108.7,2
39.1,-108.6,166
39.1,-108.5,77
39.1,-108.4,1
39.1,-104.9,2
39.1,-104.1,1
39.1,-96.8,8
39.1,-96.7,29
39.1,-96.5,3
39.1,-95.9,1
39.1,-95.8,2
39.1,-95.7,58
39.1,-95.6,11
39.1,-94.7,5
39.1,-94.6,9
39.1,-94.5,8
39.1,-94.4,1
39.1,-92.4,3
39.1,-92.3,1
39.1,-92.2,6
39.1,-91.7,1
39.1,-87.4,1
39.1,-86.6,5
39.1,-86.5,30
39.1,-84.7,48
39.1,-84.6,844
39.1,-84.5,1223
39.1,-84.4,143
39.1,-84.3,2
39.1,-78.5,4
39.1,-78.4,26
39.1,-78.3,11
39.1,-78.2,478
39.1,-78.1,52
39.1,-77.7,4
39.1,-77.6,35
39.1,-77.5,35
39.1,-77.4,20
39.1,-77.3,22
39.1,-77.2,463
39.1,-77.1,480
39.1,-77,208
39.1,-76.9,238
39.1,-76.8,323
39.1,-76.7,531
39.1,-76.6,878
39.1,-76.5,472
39.1,-76.4,16
39.1,-75.7,1
39.1,-75.5,2
39.1,-74.9,7
39.1,-74.8,17
39.2,-123.2,1
39.2,-121.7,44
39.2,-121.6,248
39.2,-121.5,1
39.2,-121.1,2
39.2,-96.6,466
39.2,-96.5,11
39.2,-96.4,3
39.2,-96.1,1
39.2,-96,1
39.2,-95.7,1
39.2,-92.7,1
39.2,-92.3,7
39.2,-92.2,1
39.2,-92.1,8
39.2,-92,1
39.2,-91.9,5
39.2,-86.6,21
39.2,-86.5,129
39.2,-85.9,1
39.2,-84.7,1
39.2,-84.6,184
39.2,-84.5,548
39.2,-84.4,164
39.2,-78.4,30
39.2,-78.3,83
39.2,-78.2,294
39.2,-78.1,705
39.2,-77.8,3
39.2,-77.7,1
39.2,-77.5,3
39.2,-77.4,2
39.2,-77.3,210
39.2,-77.2,357
39.2,-77.1,45
39.2,-77,5
39.2,-76.9,54
39.2,-76.8,61
39.2,-76.7,436
39.2,-76.6,1217
39.2,-76.5,147
39.2,-76.4,28
39.2,-75.6,1
39.2,-75.5,1
39.2,-74.8,3
39.3,-121.7,4
39.3,-121.4,1
39.3,-110.9,1
39.3,-96.9,2
39.3,-96.8,15
39.3,-96.7,2
39.3,-96.6,8
39.3,-94.9,1
39.3,-94.6,1
39.3,-92.5,1
39.3,-84.5,3
39.3,-84.3,1
39.3,-83,358
39.3,-82.9,1
39.3,-81.5,1
39.3,-78.4,11
39.3,-78.3,79
39.3,-78.2,44
39.3,-78.1,89
39.3,-78,1
39.3,-77.8,1
39.3,-77.7,1
39.3,-77.6,4
39.3,-77.3,3
39.3,-77.2,30
39.3,-77.1,2
39.3,-77,10
39.3,-76.9,12
39.3,-76.8,167
39.3,-76.7,981
39.3,-76.6,1736
39.3,-76.5,951
39.3,-76.4,209
39.3,-75.6,1
39.4,-122,1
39.4,-108.1,3
39.4,-108,2
39.4,-97,1
39.4,-96.9,4
39.4,-96.8,3
39.4,-96.5,1
39.4,-94.2,1
39.4,-92.6,1
39.4,-92.5,1
39.4,-92.4,1
39.4,-86.2,2
39.4,-86.1,1
39.4,-84.5,2
39.4,-83,34
39.4,-81.9,1
39.4,-78.3,25
39.4,-78.2,14
39.4,-78,2
39.4,-77.5,6
39.4,-77.4,25
39.4,-77.2,1
39.4,-77,1
39.4,-76.9,5
39.4,-76.8,358
39.4,-76.7,256
39.4,-76.6,655
39.4,-76.5,474
39.4,-76.4,63
39.4,-76.3,1
39.4,-75.7,1
39.4,-75.6,5
39.4,-75.2,1
39.4,-74.5,3
39.4,-74.4,10
39.5,-123.5,3
39.5,-119.8,10
39.5,-119.7,5
39.5,-108,1
39.5,-107.8,5
39.5,-107.7,2
39.5,-107.3,2
39.5,-97,1
39.5,-96.9,1
39.5,-96.8,2
39.5,-96.5,1
39.5,-96.2,1
39.5,-92.2,1
39.5,-86.2,2
39.5,-86,1
39.5,-84.4,1
39.5,-77.5,1
39.5,-77.4,6
39.5,-76.9,1
39.5,-76.8,44
39.5,-76.7,42
39.5,-76.6,135
39.5,-76.5,27
39.5,-76.4,5
39.5,-76.3,1
39.5,-76.1,1
39.5,-75.8,1
39.5,-75.7,2
39.5,-75.6,2
39.5,-75,1
39.6,-121.4,1
39.6,-119.8,3
39.6,-119.7,7
39.6,-107.5,1
39.6,-107.4,1
39.6,-105.1,26
39.6,-105,5
39.6,-104.9,33
39.6,-86.4,1
39.6,-86.3,1
39.6,-86.2,20
39.6,-86.1,24
39.6,-78.2,1
39.6,-77.7,1
39.6,-76.8,4
39.6,-76.7,11
39.6,-76.6,3
39.6,-76.5,6
39.6,-76.1,2
39.6,-75.9,1
39.6,-75.8,18
39.6,-75.7,107
39.6,-75.6,12
39.6,-75.5,3
39.6,-74.3,1
39.7,-120.6,1
39.7,-105.1,119
39.7,-105,1301
39.7,-104.9,563
39.7,-104.8,3
39.7,-104.6,2
39.7,-91.7,1
39.7,-89.6,2
39.7,-86.3,66
39.7,-86.2,95
39.7,-86.1,235
39.7,-86,26
39.7,-84.3,1
39.7,-84.2,1
39.7,-82.6,1
39.7,-82.4,1
39.7,-78.8,2
39.7,-77.7,2
39.7,-77.2,2
39.7,-76.8,1
39.7,-76.7,3
39.7,-76.6,1
39.7,-76.3,1
39.7,-76,1
39.7,-75.8,5
39.7,-75.7,172
39.7,-75.6,247
39.7,-75.5,13
39.7,-75.1,1
39.8,-105.1,22
39.8,-105,574
39.8,-104.9,147
39.8,-104.8,180
39.8,-104.7,32
39.8,-94.8,1
39.8,-92.5,1
39.8,-89.7,2
39.8,-89.6,1
39.8,-86.3,196
39.8,-86.2,444
39.8,-86.1,592
39.8,-86,313
39.8,-84.9,1
39.8,-84.3,2
39.8,-84.2,5
39.8,-83.1,16
39.8,-83,6
39.8,-82.9,1
39.8,-82.6,1
39.8,-82.3,1
39.8,-75.7,26
39.8,-75.6,31
39.8,-75.5,105
39.8,-75.4,3
39.8,-74.9,6
39.9,-105,13
39.9,-104.9,1
39.9,-89,2
39.9,-88.9,1
39.9,-86.5,1
39.9,-86.3,23
39.9,-86.2,110
39.9,-86.1,131
39.9,-86,78
39.9,-85.9,8
39.9,-83.9,3
39.9,-83.8,1324
39.9,-83.7,20
39.9,-83.2,24
39.9,-83.1,606
39.9,-83,615
39.9,-82.9,288
39.9,-82.8,161
39.9,-76.8,1
39.9,-76.7,9
39.9,-76.5,1
39.9,-75.6,1
39.9,-75.3,2
39.9,-75.2,939
39.9,-75.1,101
39.9,-75,3
39.9,-74.9,36
40,-105.1,1
40,-105,1
40,-94.8,1
40,-88.8,1
40,-88,1
40,-86.2,6
40,-86.1,6
40,-86,13
40,-85.9,4
40,-83.9,2
40,-83.8,90
40,-83.2,70
40,-83.1,298
40,-83,1220
40,-82.9,288
40,-82.8,71
40,-82.5,8
40,-82.4,17
40,-81.8,1
40,-76.8,7
40,-76.7,84
40,-76.6,3
40,-76.5,1
40,-76.3,2
40,-75.6,1
40,-75.4,27
40,-75.3,217
40,-75.2,2011
40,-75.1,1944
40,-75,197
40,-74.6,1
40.1,-88.3,110
40.1,-88.2,91
40.1,-86.2,1
40.1,-86.1,2
40.1,-86,4
40.1,-85.9,5
40.1,-85.7,4
40.1,-85.6,1
40.1,-83.8,2
40.1,-83.2,5
40.1,-83.1,180
40.1,-83,557
40.1,-82.9,232
40.1,-82.8,19
40.1,-82.5,1
40.1,-82.4,43
40.1,-82.3,1
40.1,-76.7,2
40.1,-76.4,1
40.1,-75.4,6
40.1,-75.3,2
40.1,-75.2,191
40.1,-75.1,172
40.1,-75,257
40.1,-74.9,2
40.1,-74.8,1
40.1,-74.2,1
40.2,-123.8,1
40.2,-122.3,1
40.2,-88.4,1
40.2,-88.3,1
40.2,-86.2,2
40.2,-86.1,2
40.2,-86,9
40.2,-85.9,1
40.2,-83.4,22
40.2,-83.3,9
40.2,-83,3
40.2,-82.9,2
40.2,-76.9,110
40.2,-76.8,67
40.2,-75.3,1
40.2,-75.1,1
40.2,-75,1
40.2,-74.9,1
40.2,-74.8,333
40.2,-74.7,275
40.3,-122.3,1
40.3,-104.8,1
40.3,-86.5,2
40.3,-83.4,1
40.3,-80.2,1
40.3,-80,9
40.3,-79.9,1
40.3,-79.7,1
40.3,-79.6,1
40.3,-79.5,1
40.3,-79.4,1
40.3,-78.9,5
40.3,-77,1
40.3,-76.9,730
40.3,-76.8,36
40.3,-76,5
40.3,-75.9,563
40.4,-105.1,227
40.4,-105,55
40.4,-104.8,1
40.4,-104.7,1
40.4,-89,4
40.4,-86.9,1
40.4,-82.5,1
40.4,-80.5,1
40.4,-80.1,16
40.4,-80,368
40.4,-79.9,68
40.4,-79.7,2
40.4,-79.6,1
40.4,-76,7
40.4,-75.9,117
40.4,-74.5,6
40.4,-74.1,1
40.5,-122.4,1
40.5,-105.1,3
40.5,-105,3
40.5,-89.7,1
40.5,-89.1,1
40.5,-89,181
40.5,-88.9,15
40.5,-86.9,1
40.5,-86.1,2
40.5,-81.7,2
40.5,-80.9,1
40.5,-80.1,17
40.5,-80,196
40.5,-79.9,199
40.5,-79.8,1
40.5,-78.8,1
40.5,-75.6,1
40.5,-75.5,2
40.5,-74.6,1
40.5,-74.5,4
40.5,-74.3,1
40.5,-74.2,7
40.5,-74.1,1
40.6,-122.4,3
40.6,-112,3
40.6,-105.1,3
40.6,-89.8,3
40.6,-89.7,7
40.6,-81.1,1
40.6,-80.3,1
40.6,-80.2,1
40.6,-80,1
40.6,-79.8,1
40.6,-79.6,1
40.6,-75.5,2
40.6,-75.4,343
40.6,-75.3,44
40.6,-74.6,2
40.6,-74.5,1
40.6,-74.4,3
40.6,-74.2,2
40.6,-74.1,29
40.6,-74,24
40.6,-73.9,8
40.6,-73.8,6
40.6,-73.7,3
40.6,-73.3,2
40.7,-112,2
40.7,-111.9,2
40.7,-111.8,1
40.7,-111.5,1
40.7,-96.7,60
40.7,-96.6,15
40.7,-89.8,5
40.7,-89.7,16
40.7,-89.6,671
40.7,-89.3,1
40.7,-86.8,1
40.7,-82.6,1
40.7,-82.5,202
40.7,-81.4,2
40.7,-80.6,2
40.7,-80.3,5
40.7,-76.2,1
40.7,-75.5,2
40.7,-75.4,11
40.7,-75.3,7
40.7,-75.2,1
40.7,-74.3,12
40.7,-74.2,44
40.7,-74.1,6
40.7,-74,87
40.7,-73.9,74
40.7,-73.8,39
40.7,-73.7,6
40.7,-73.6,6
40.7,-73.4,3
40.8,-111.9,1
40.8,-96.8,26
40.8,-96.7,1209
40.8,-96.6,289
40.8,-89.9,2
40.8,-89.8,1
40.8,-89.7,28
40.8,-89.6,57
40.8,-89.4,1
40.8,-83,1
40.8,-82.6,83
40.8,-82.5,572
40.8,-81.9,6
40.8,-81.5,4
40.8,-81.4,154
40.8,-81.3,25
40.8,-77.9,1
40.8,-74.3,6
40.8,-74.2,19
40.8,-74.1,2
40.8,-74,38
40.8,-73.9,69
40.8,-73.8,8
40.8,-73.7,2
40.8,-73.5,1
40.8,-73.2,1
40.8,-73,1
40.9,-98.3,1
40.9,-96.8,4
40.9,-96.7,132
40.9,-96.6,36
40.9,-89.8,1
40.9,-89.7,1
40.9,-89.6,4
40.9,-85.5,1
40.9,-82,1
40.9,-81.6,1
40.9,-81.5,1
40.9,-81.4,7
40.9,-81.1,2
40.9,-74.2,1
40.9,-74.1,1
40.9,-74,1
40.9,-73.9,29
40.9,-73.8,5
40.9,-73.2,1
40.9,-73,1
41,-111.9,1
41,-85.3,35
41,-85.2,121
41,-85.1,498
41,-82.2,3
41,-81.7,3
41,-81.6,24
41,-81.5,39
41,-81.4,5
41,-76,1
41,-74.3,1
41,-73.9,5
41,-73.8,2
41.1,-123.7,1
41.1,-96.1,1
41.1,-85.3,32
41.1,-85.2,596
41.1,-85.1,1684
41.1,-85,67
41.1,-81.9,1
41.1,-81.6,53
41.1,-81.5,152
41.1,-81.4,6
41.1,-81.3,1
41.1,-81.2,1
41.1,-80.6,1
41.1,-79.7,1
41.1,-78.4,1
41.1,-75.9,1
41.1,-74.1,1
41.1,-73.9,1
41.1,-73.5,2
41.1,-73.4,2
41.2,-112,1
41.2,-96.2,23
41.2,-96.1,129
41.2,-96,207
41.2,-95.9,80
41.2,-88,2
41.2,-85.6,5
41.2,-85.2,37
41.2,-85.1,81
41.2,-85,1
41.2,-81.9,16
41.2,-81.8,170
41.2,-81.7,1
41.2,-81.5,2
41.2,-81.4,2
41.2,-73.2,3
41.2,-73,6
41.3,-105.5,1
41.3,-96.2,27
41.3,-96.1,254
41.3,-96,751
41.3,-95.9,155
41.3,-95.1,2
41.3,-88.2,1
41.3,-88.1,2
41.3,-88,1
41.3,-87.6,1
41.3,-87.5,1
41.3,-82.1,53
41.3,-81.9,18
41.3,-81.8,82
41.3,-81.7,1
41.3,-81.5,1
41.3,-75.9,1
41.3,-73.9,2
41.3,-73.1,1
41.3,-73,157
41.3,-72.9,87
41.3,-72.4,2
41.3,-70.1,10
41.3,-70,1
41.4,-97.1,1
41.4,-88,1
41.4,-87.9,1
41.4,-87.8,2
41.4,-87.7,1
41.4,-87.6,1
41.4,-87.5,2
41.4,-82.2,8
41.4,-82.1,227
41.4,-81.8,110
41.4,-81.7,120
41.4,-81.6,144
41.4,-81.5,2
41.4,-74.4,1
41.4,-73.5,1
41.4,-73.4,1
41.4,-72.9,2
41.4,-72.2,2
41.5,-111.9,1
41.5,-93.8,1
41.5,-93.7,2
41.5,-93.6,4
41.5,-90.6,3
41.5,-90.5,488
41.5,-90.4,9
41.5,-88.2,1
41.5,-88.1,8
41.5,-88,11
41.5,-87.9,1
41.5,-87.8,5
41.5,-87.7,1
41.5,-87.6,3
41.5,-87.5,4
41.5,-87,7
41.5,-85.8,10
41.5,-81.8,192
41.5,-81.7,888
41.5,-81.6,784
41.5,-81.5,3
41.5,-74,10
41.5,-73,1
41.5,-72.1,1
41.5,-71.9,1
41.6,-93.9,33
41.6,-93.8,168
41.6,-93.7,131
41.6,-93.6,32
41.6,-93.5,1
41.6,-88.2,2
41.6,-88.1,5
41.6,-88,2
41.6,-87.9,10
41.6,-87.8,5
41.6,-87.7,2
41.6,-87.6,10
41.6,-87.5,7
41.6,-86.7,1
41.6,-86.2,1
41.6,-85.9,64
41.6,-85.8,134
41.6,-83.6,1
41.6,-81.6,133
41.6,-81.5,28
41.6,-81.4,1
41.6,-75.4,1
41.6,-73,2
41.6,-72.7,2
41.6,-70.6,1
41.7,-122.1,1
41.7,-93.8,1
41.7,-93.7,31
41.7,-93.6,31
41.7,-88.3,1
41.7,-88.2,1
41.7,-87.9,1
41.7,-87.8,2
41.7,-87.7,619
41.7,-87.6,1982
41.7,-87.5,203
41.7,-86.8,1
41.7,-86.3,6
41.7,-86.2,7
41.7,-83.5,1
41.7,-81.3,1
41.7,-74,5
41.7,-73.9,1
41.7,-73.2,1
41.7,-73.1,1
41.7,-73,1
41.7,-72.9,2
41.7,-72.8,11
41.7,-72.7,2
41.7,-72.6,2
41.7,-71.2,50
41.7,-70.9,1
41.7,-70.7,30
41.7,-70.1,11
41.7,-70,18
41.8,-124.2,1
41.8,-93.6,2
41.8,-88.4,12
41.8,-88.3,33
41.8,-87.9,54
41.8,-87.8,193
41.8,-87.7,2675
41.8,-87.6,2932
41.8,-87.5,9
41.8,-86.2,1
41.8,-74.1,1
41.8,-73.1,6
41.8,-72.9,1
41.8,-72.7,8
41.8,-72.6,2
41.8,-72.5,2
41.8,-71.4,6
41.8,-71.3,11
41.8,-71.2,41
41.8,-71,1
41.8,-70.8,15
41.8,-70.7,110
41.8,-70.6,10
41.8,-70.1,5
41.8,-70,5
41.9,-91.1,1
41.9,-88.3,1
41.9,-88.1,1
41.9,-88,1
41.9,-87.9,4
41.9,-87.8,1426
41.9,-87.7,4262
41.9,-87.6,1463
41.9,-86.2,1
41.9,-80.8,1
41.9,-74,128
41.9,-73.1,3
41.9,-72.9,1
41.9,-72.6,1
41.9,-72.4,1
41.9,-71.4,4
41.9,-71.3,2
41.9,-71.2,10
41.9,-71.1,209
41.9,-71,52
41.9,-70.8,50
41.9,-70.7,6
42,-97.4,1
42,-95,1
42,-93.7,84
42,-93.6,188
42,-91.7,3
42,-91.6,2
42,-88.1,3
42,-87.9,6
42,-87.8,337
42,-87.7,1685
42,-87.6,33
42,-86,1
42,-80.2,2
42,-74,2
42,-73.3,3
42,-72.6,2
42,-71.5,9
42,-71.4,1
42,-71.2,1
42,-71.1,5
42,-70.8,9
42,-70.7,6
42.1,-96.7,4
42.1,-93.6,9
42.1,-88,1
42.1,-87.9,38
42.1,-87.8,24
42.1,-87.7,25
42.1,-86.3,1
42.1,-85.6,1
42.1,-85.4,3
42.1,-83.9,1
42.1,-83.8,3
42.1,-83.7,31
42.1,-83.5,1
42.1,-80.2,42
42.1,-80.1,163
42.1,-80,26
42.1,-79.3,2
42.1,-79.2,1
42.1,-76.8,1
42.1,-76,3
42.1,-72.7,1
42.1,-72.6,72
42.1,-72.5,15
42.1,-72.4,1
42.1,-71.5,27
42.1,-71.4,42
42.1,-71.1,40
42.1,-71,5
42.1,-70.8,1
42.1,-70.7,6
42.2,-122.7,1
42.2,-121.8,1
42.2,-89.1,113
42.2,-89,60
42.2,-88,3
42.2,-85.7,4
42.2,-85.6,54
42.2,-85.5,12
42.2,-84.8,1
42.2,-84.4,663
42.2,-83.9,1
42.2,-83.8,25
42.2,-83.7,51
42.2,-83.6,126
42.2,-83.5,7
42.2,-83.2,3
42.2,-72.7,2
42.2,-72.6,4
42.2,-72.5,5
42.2,-71.8,2
42.2,-71.7,2
42.2,-71.4,2
42.2,-71.2,3
42.2,-71.1,37
42.2,-71,55
42.2,-70.9,1
42.3,-122.9,700
42.3,-122.8,79
42.3,-111.3,1
42.3,-89.2,5
42.3,-89.1,738
42.3,-89,219
42.3,-85.8,1
42.3,-85.7,10
42.3,-85.6,1690
42.3,-85.5,61
42.3,-85.3,1
42.3,-84.5,1
42.3,-84.4,475
42.3,-84.1,2
42.3,-84,5
42.3,-83.9,5
42.3,-83.8,39
42.3,-83.7,149
42.3,-83.6,46
42.3,-83.5,6
42.3,-83.4,5
42.3,-83.3,1
42.3,-83.2,121
42.3,-83.1,292
42.3,-83,116
42.3,-72.7,3
42.3,-72.6,2
42.3,-71.8,2
42.3,-71.7,35
42.3,-71.6,7
42.3,-71.5,29
42.3,-71.4,158
42.3,-71.3,5
42.3,-71.2,77
42.3,-71.1,190
42.3,-71,39
42.4,-122.9,161
42.4,-122.8,14
42.4,-85.6,3
42.4,-84,2
42.4,-83.9,3
42.4,-83.8,14
42.4,-83.7,1
42.4,-83.6,2
42.4,-83.5,1
42.4,-83.4,2
42.4,-83.3,153
42.4,-83.2,903
42.4,-83.1,677
42.4,-83,787
42.4,-82.9,185
42.4,-76.5,88
42.4,-73.2,1
42.4,-71.8,1
42.4,-71.6,1
42.4,-71.3,2
42.4,-71.2,64
42.4,-71.1,482
42.4,-71,12
42.5,-92.4,2
42.5,-88.6,2
42.5,-88.2,1
42.5,-87.9,15
42.5,-87.8,121
42.5,-84.9,2
42.5,-83.6,1
42.5,-83.2,4
42.5,-83.1,4
42.5,-83,2
42.5,-82.9,2
42.5,-76.5,15
42.5,-76.4,3
42.5,-73.6,1
42.5,-71.7,1
42.5,-71.5,40
42.5,-71.2,3
42.5,-71.1,211
42.5,-71,35
42.5,-70.9,5
42.6,-114.5,2
42.6,-88,94
42.6,-87.9,1082
42.6,-87.8,2856
42.6,-83.6,7
42.6,-83.3,1
42.6,-83,1
42.6,-74.2,1
42.6,-73.8,5
42.6,-72.2,1
42.6,-71.8,2
42.6,-71.5,3
42.6,-71.4,25
42.6,-71.3,278
42.6,-71.2,2
42.6,-71,4
42.7,-97.4,1
42.7,-88.2,1
42.7,-87.9,2
42.7,-87.8,247
42.7,-84.6,5
42.7,-84.5,3
42.7,-83.3,1
42.7,-73.8,3
42.7,-73.7,2
42.7,-73.1,1
42.7,-71.4,3
42.7,-71.3,81
42.7,-71.2,2
42.8,-90.1,2
42.8,-89.9,1
42.8,-88.2,1
42.8,-87.8,50
42.8,-84.6,1
42.8,-84.5,2
42.8,-76.6,1
42.8,-73.9,5
42.8,-71.5,3
42.8,-71.2,1
42.9,-89.6,1
42.9,-88.2,11
42.9,-88.1,43
42.9,-88,7
42.9,-87.9,61
42.9,-85.7,299
42.9,-85.6,268
42.9,-81.3,1
42.9,-81.2,1
42.9,-78.9,15
42.9,-78.8,355
42.9,-78.7,76
42.9,-76.8,14
42.9,-71.5,2
42.9,-71.4,14
42.9,-71.3,1
43,-89.6,1
43,-89.5,515
43,-89.4,318
43,-89.3,83
43,-88.1,10
43,-88,804
43,-87.9,2283
43,-86,1
43,-85.7,586
43,-85.6,195
43,-83.7,2
43,-82.5,1
43,-81.3,2
43,-81.2,11
43,-78.9,2
43,-78.8,8
43,-78.7,5
43,-77.4,2
43,-76.3,15
43,-76.2,11
43,-76.1,10
43,-74.2,1
43,-71.5,436
43,-71.4,221
43.1,-122.3,1
43.1,-93.3,25
43.1,-93.2,232
43.1,-93.1,2
43.1,-89.6,3
43.1,-89.5,477
43.1,-89.4,1826
43.1,-89.3,916
43.1,-89.2,9
43.1,-88.5,3
43.1,-88.1,24
43.1,-88,2908
43.1,-87.9,2214
43.1,-86.3,1
43.1,-86.2,31
43.1,-86,2
43.1,-83.7,3
43.1,-80.7,1
43.1,-80.3,1
43.1,-79,10
43.1,-78.9,15
43.1,-78.8,9
43.1,-78.7,41
43.1,-78.6,4
43.1,-77.7,3
43.1,-77.6,13
43.1,-77.5,1
43.1,-77.4,2
43.1,-76.3,2
43.1,-76.2,13
43.1,-76.1,15
43.2,-123.4,64
43.2,-123.3,55
43.2,-93.3,6
43.2,-93.2,315
43.2,-93.1,3
43.2,-89.4,6
43.2,-89.3,4
43.2,-89.2,4
43.2,-89.1,1
43.2,-88.1,3
43.2,-88,295
43.2,-86.3,223
43.2,-86.2,630
43.2,-86.1,18
43.2,-85.9,4
43.2,-80,2
43.2,-79.9,6
43.2,-79.8,9
43.2,-79.7,1
43.2,-79,7
43.2,-78.9,3
43.2,-78.8,3
43.2,-78.7,18
43.2,-78.6,5
43.2,-78.5,7
43.2,-77.9,2
43.2,-77.7,9
43.2,-77.6,33
43.2,-77.5,4
43.2,-70.9,1
43.3,-123.4,4
43.3,-123.2,1
43.3,-89.4,2
43.3,-89,1
43.3,-86.4,1
43.3,-86.3,14
43.3,-86.2,39
43.3,-86.1,2
43.3,-85.9,1
43.3,-80,1
43.3,-79.9,11
43.3,-79.8,5
43.3,-79,1
43.3,-78.8,3
43.3,-78.7,4
43.3,-78.6,1
43.3,-78.5,1
43.3,-77.9,3
43.3,-70.9,1
43.4,-124.2,1
43.4,-116.5,1
43.4,-116.2,1
43.4,-93.2,2
43.4,-88.7,1
43.4,-86.4,5
43.4,-86.3,39
43.4,-86.2,5
43.4,-86.1,1
43.4,-85.5,2
43.4,-84,2
43.4,-83.9,2
43.4,-80.4,1
43.4,-79.8,2
43.5,-116.4,29
43.5,-116.3,21
43.5,-116.2,3
43.5,-116.1,4
43.5,-96.8,1
43.5,-89.6,1
43.5,-87.9,1
43.5,-86.3,1
43.5,-86.1,1
43.5,-70.4,1
43.6,-116.5,6
43.6,-116.4,171
43.6,-116.3,369
43.6,-116.2,498
43.6,-116.1,7
43.6,-79.6,1
43.6,-79.5,10
43.6,-79.4,12
43.6,-70.4,9
43.6,-70.3,469
43.6,-70.2,72
43.7,-116.5,11
43.7,-116.4,53
43.7,-116.3,76
43.7,-116.2,4
43.7,-98,1
43.7,-93.4,1
43.7,-88.2,1
43.7,-79.6,20
43.7,-79.5,42
43.7,-79.4,47
43.7,-79.3,33
43.7,-79.2,6
43.7,-70.3,10
43.7,-70.2,7
43.8,-116.5,1
43.8,-92.5,6
43.8,-92.2,1
43.8,-91.3,1
43.8,-91.2,1
43.8,-88.5,1
43.8,-86.4,1
43.8,-86,1
43.8,-79.6,2
43.8,-79.5,14
43.8,-79.4,15
43.8,-79.3,21
43.8,-79.2,19
43.9,-92.8,2
43.9,-92.6,1
43.9,-92.5,26
43.9,-92.4,3
43.9,-92.3,3
43.9,-92.2,2
43.9,-78.9,1
44,-123.2,31
44,-123.1,247
44,-123,6
44,-92.7,4
44,-92.6,17
44,-92.5,817
44,-92.4,237
44,-92.3,5
44,-92.2,8
44,-92.1,2
44,-88.5,1
44.1,-123.2,80
44.1,-123.1,285
44.1,-103.2,1
44.1,-92.7,1
44.1,-92.6,11
44.1,-92.5,218
44.1,-92.4,17
44.1,-92.3,3
44.1,-92.2,2
44.1,-85.4,1
44.1,-70.2,1
44.2,-92.9,1
44.2,-92.6,1
44.2,-92.5,6
44.2,-92.3,1
44.3,-88.5,1
44.3,-83.3,6
44.3,-69.8,3
44.4,-84.7,1
44.4,-72,1
44.4,-70.3,1
44.5,-122.9,1
44.6,-123.1,1
44.7,-73.5,1
44.8,-93.6,1
44.8,-93.4,8
44.8,-93.3,37
44.8,-93.2,6
44.8,-93.1,1
44.8,-91.5,1
44.8,-91.4,1
44.8,-68.8,1
44.9,-123,1
44.9,-93.4,1
44.9,-93.3,45
44.9,-93.2,247
44.9,-93.1,297
44.9,-93,61
44.9,-92.9,1
45,-123,4
45,-93.4,3
45,-93.3,5
45,-93.2,72
45,-93.1,528
45,-93,105
45,-91.4,1
45.1,-93.4,420
45.1,-93.3,125
45.1,-93.2,14
45.1,-93.1,6
45.1,-93,19
45.2,-123.2,1
45.2,-93.4,4
45.2,-93.3,3
45.3,-75.8,2
45.4,-122.8,53
45.4,-122.7,33
45.4,-122.6,6
45.4,-122.5,1
45.4,-75.8,1
45.4,-75.7,2
45.5,-122.8,15
45.5,-122.7,1685
45.5,-122.6,1811
45.5,-122.5,837
45.5,-122.4,6
45.5,-84.6,1
45.6,-123.1,1
45.6,-122.8,101
45.6,-122.7,1008
45.6,-122.6,912
45.6,-122.5,560
45.6,-122.4,133
45.6,-122.3,60
45.7,-122.9,1
45.7,-122.8,5
45.7,-122.7,339
45.7,-122.6,487
45.7,-122.5,209
45.7,-122.4,14
45.7,-122.3,2
45.7,-121.7,1
45.7,-121.5,1
45.7,-111,1
45.7,-108.6,20
45.7,-108.5,8
45.8,-122.7,31
45.8,-122.6,72
45.8,-122.5,122
45.8,-122.4,6
45.8,-122.3,4
45.8,-108.7,2
45.8,-108.6,311
45.8,-108.5,447
45.8,-108.4,2
45.9,-122.8,1
45.9,-122.7,26
45.9,-122.6,10
45.9,-122.5,11
45.9,-122.4,19
45.9,-122.3,1
46,-121.5,1
46,-94.4,1
46.1,-64.8,1
46.2,-120,12
46.2,-119.9,6
46.2,-119.2,76
46.2,-119.1,41
46.3,-120.6,1
46.3,-120.5,1
46.3,-120.4,4
46.3,-120.3,1
46.3,-120.2,17
46.3,-120.1,20
46.3,-120,43
46.3,-119.9,17
46.4,-120.7,7
46.4,-120.6,6
46.4,-120.5,19
46.4,-120.4,64
46.4,-120.3,51
46.4,-120.2,16
46.4,-120.1,8
46.4,-120,6
46.4,-119.9,1
46.5,-122.6,1
46.5,-120.9,6
46.5,-120.8,1
46.5,-120.7,6
46.5,-120.6,5
46.5,-120.5,30
46.5,-120.4,31
46.5,-120.3,5
46.5,-120.1,1
46.6,-121.4,1
46.6,-120.8,3
46.6,-120.7,29
46.6,-120.6,361
46.6,-120.5,1361
46.6,-120.4,74
46.6,-120.3,5
46.7,-121.9,1
46.7,-121,1
46.7,-120.8,16
46.7,-120.7,46
46.7,-120.6,21
46.7,-120.5,98
46.7,-120.4,1
46.7,-92.2,162
46.7,-92.1,3
46.8,-122.2,2
46.8,-120.9,7
46.8,-120.6,1
46.8,-92.3,1
46.8,-92.2,75
46.8,-92.1,815
46.8,-92,43
46.9,-124.1,1
46.9,-122.6,1
46.9,-122.5,7
46.9,-122.4,7
46.9,-122.3,6
46.9,-122.2,1
46.9,-121.5,3
46.9,-121.1,1
46.9,-121,2
46.9,-120.8,1
46.9,-114,3
46.9,-96.8,1
46.9,-92.1,12
46.9,-92,4
46.9,-91.9,3
47,-123,4
47,-122.9,151
47,-122.8,15
47,-122.5,3
47,-122.4,26
47,-122.3,26
47,-122.2,8
47,-121.5,1
47,-120.5,5
47,-117.1,3
47,-93.2,1
47.1,-123,1
47.1,-122.9,15
47.1,-122.8,11
47.1,-122.7,9
47.1,-122.6,42
47.1,-122.5,95
47.1,-122.4,234
47.1,-122.3,195
47.1,-122.2,14
47.1,-122.1,25
47.1,-122,2
47.1,-117.5,1
47.1,-93.6,2
47.1,-93.5,4
47.1,-93.4,2
47.1,-93.2,1
47.2,-122.8,5
47.2,-122.7,6
47.2,-122.6,85
47.2,-122.5,979
47.2,-122.4,678
47.2,-122.3,454
47.2,-122.2,141
47.2,-122.1,23
47.2,-93.7,3
47.2,-93.6,3
47.2,-93.5,21
47.2,-93.4,1
47.3,-122.8,8
47.3,-122.7,8
47.3,-122.6,82
47.3,-122.5,339
47.3,-122.4,161
47.3,-122.3,13
47.3,-122.2,7
47.3,-117.2,14
47.3,-94,1
47.3,-93.9,3
47.3,-93.8,18
47.3,-93.6,5
47.3,-93.4,21
47.3,-93.3,10
47.3,-93.2,6
47.4,-122.8,5
47.4,-122.7,11
47.4,-122.6,27
47.4,-122.5,2
47.4,-120.3,1
47.4,-117.4,1
47.4,-117.2,22
47.4,-117.1,1
47.4,-94,1
47.4,-93.9,1
47.4,-93.8,1
47.4,-93.6,3
47.4,-93.5,2
47.4,-93.4,4
47.4,-93.2,6
47.4,-93.1,7
47.5,-122.8,1
47.5,-122.7,2
47.5,-122.6,1
47.5,-122.4,120
47.5,-122.3,268
47.5,-122.2,20
47.5,-122.1,9
47.5,-117.4,2
47.5,-117.2,1
47.5,-117.1,1
47.5,-93.6,1
47.5,-92.9,1
47.6,-122.7,1
47.6,-122.6,2
47.6,-122.4,201
47.6,-122.3,1039
47.6,-122.2,740
47.6,-122.1,360
47.6,-122,2
47.6,-117.7,6
47.6,-117.6,14
47.6,-117.5,50
47.6,-117.4,570
47.6,-117.3,180
47.6,-117.2,50
47.6,-94.1,3
47.6,-94,2
47.6,-93.8,1
47.6,-93.2,1
47.7,-122.4,230
47.7,-122.3,498
47.7,-122.2,12
47.7,-122.1,9
47.7,-117.7,1
47.7,-117.6,38
47.7,-117.5,352
47.7,-117.4,3145
47.7,-117.3,684
47.7,-117.2,216
47.7,-117.1,91
47.7,-117,33
47.7,-94.1,1
47.7,-93.7,1
47.8,-122.4,2
47.8,-117.7,1
47.8,-117.5,19
47.8,-117.4,96
47.8,-117.3,7
47.8,-93.2,1
47.9,-122.2,31
47.9,-117.5,8
47.9,-117.4,3
47.9,-117.3,2
47.9,-117.2,1
47.9,-97.1,1
47.9,-93.3,1
47.9,-92.1,1
48,-122.2,2
48,-119,17
48,-117.5,13
48,-117.4,5
48,-117.3,6
48,-117.2,3
48.1,-122.8,1
48.2,-122.4,1
48.2,-122.3,1
48.2,-101.3,1
48.4,-122.3,2
48.4,-89.2,1
48.5,-123.4,1
48.5,-81.3,1
48.6,-122.5,1
48.6,-118.7,1
48.7,-122.5,219
48.7,-122.4,15
48.8,-122.5,361
48.8,-122.4,65
48.9,-55.6,1
49,-122.7,2
49.2,-123.2,1
49.2,-123.1,3
49.2,-123,2
49.2,-122.9,6
49.2,-122.7,1
49.2,-122.6,1
49.3,-123.1,21
49.3,-123,1
49.4,-123.3,8
49.4,-123.2,5
49.8,-97.2,2
49.9,-97.3,1
49.9,-97.2,40
49.9,-97.1,36
49.9,-97,4
50,-119.5,1
50,-97.2,1
50,-97.1,4
50,-5.2,10
50,-5.1,4
50.1,-5.7,18
50.1,-5.6,47
50.1,-5.5,240
50.1,-5.4,12
50.1,-5.3,78
50.1,-5.2,9
50.1,-5.1,31
50.2,-5.7,5
50.2,-5.5,57
50.2,-5.4,85
50.2,-5.3,228
50.2,-5.2,144
50.2,-5.1,199
50.2,-5,4
50.2,-4.8,2
50.2,-3.8,11
50.2,-3.7,1
50.3,-5.3,7
50.3,-5.2,51
50.3,-5.1,160
50.3,-5,55
50.3,-4.9,17
50.3,-4.8,195
50.3,-4.7,12
50.3,-4.6,13
50.3,-4.5,2
50.3,-4.2,9
50.3,-4.1,9
50.3,-4,9
50.3,-3.9,9
50.3,-3.8,36
50.3,-3.7,3
50.3,-3.6,7
50.4,-5.1,150
50.4,-5,16
50.4,-4.9,75
50.4,-4.8,43
50.4,-4.7,55
50.4,-4.6,10
50.4,-4.5,39
50.4,-4.4,10
50.4,-4.3,15
50.4,-4.2,907
50.4,-4.1,1476
50.4,-4,84
50.4,-3.9,52
50.4,-3.8,10
50.4,-3.7,73
50.4,-3.6,293
50.4,-3.5,90
50.5,-104.6,1
50.5,-5,5
50.5,-4.9,18
50.5,-4.8,29
50.5,-4.7,144
50.5,-4.6,1
50.5,-4.5,132
50.5,-4.4,6
50.5,-4.3,42
50.5,-4.2,41
50.5,-4.1,37
50.5,-4,8
50.5,-3.8,54
50.5,-3.7,24
50.5,-3.6,315
50.5,-3.5,614
50.5,-2.5,6
50.5,-2.4,73
50.6,-4.9,4
50.6,-4.8,4
50.6,-4.7,23
50.6,-4.4,72
50.6,-4.3,14
50.6,-4.2,6
50.6,-4.1,10
50.6,-3.7,30
50.6,-3.6,35
50.6,-3.5,70
50.6,-3.4,209
50.6,-3.3,15
50.6,-2.5,600
50.6,-2.4,84
50.6,-2.2,2
50.6,-2.1,6
50.6,-2,79
50.6,-1.4,3
50.6,-1.3,4
50.6,-1.2,146
50.7,-4.8,1
50.7,-4.7,5
50.7,-4.6,1
50.7,-4.5,1
50.7,-4.4,3
50.7,-4.3,2
50.7,-4.1,3
50.7,-4,45
50.7,-3.9,9
50.7,-3.8,21
50.7,-3.7,9
50.7,-3.6,65
50.7,-3.5,1056
50.7,-3.4,21
50.7,-3.3,14
50.7,-3.2,49
50.7,-3.1,36
50.7,-3,2
50.7,-2.9,24
50.7,-2.8,114
50.7,-2.7,26
50.7,-2.6,12
50.7,-2.5,68
50.7,-2.4,135
50.7,-2.3,30
50.7,-2.2,58
50.7,-2.1,72
50.7,-2,584
50.7,-1.9,1702
50.7,-1.8,771
50.7,-1.7,79
50.7,-1.6,20
50.7,-1.5,40
50.7,-1.4,17
50.7,-1.3,267
50.7,-1.2,314
50.7,-1.1,62
50.7,-0.8,55
50.8,-4.6,2
50.8,-4.5,42
50.8,-4.4,22
50.8,-4.3,4
50.8,-4.2,6
50.8,-4.1,5
50.8,-3.9,7
50.8,-3.8,15
50.8,-3.7,30
50.8,-3.6,7
50.8,-3.5,11
50.8,-3.4,16
50.8,-3.3,21
50.8,-3.2,69
50.8,-3.1,4
50.8,-3,27
50.8,-2.9,5
50.8,-2.8,13
50.8,-2.7,17
50.8,-2.6,13
50.8,-2.5,10
50.8,-2.4,2
50.8,-2.3,13
50.8,-2.2,15
50.8,-2.1,36
50.8,-2,250
50.8,-1.9,688
50.8,-1.8,228
50.8,-1.7,114
50.8,-1.6,108
50.8,-1.5,66
50.8,-1.4,111
50.8,-1.3,87
50.8,-1.2,427
50.8,-1.1,2512
50.8,-1,224
50.8,-0.9,74
50.8,-0.8,345
50.8,-0.7,554
50.8,-0.6,119
50.8,-0.5,414
50.8,-0.4,925
50.8,-0.3,317
50.8,-0.2,948
50.8,-0.1,1922
50.8,0,193
50.8,0.1,166
50.8,0.2,54
50.8,0.3,1043
50.8,0.4,27
50.8,0.5,173
50.9,-114.1,2
50.9,-114,2
50.9,-113.9,1
50.9,-4.5,6
50.9,-4.4,2
50.9,-4.2,13
50.9,-4.1,2
50.9,-4,2
50.9,-3.9,6
50.9,-3.8,12
50.9,-3.7,5
50.9,-3.5,207
50.9,-3.4,44
50.9,-3.3,18
50.9,-3.2,8
50.9,-3.1,7
50.9,-3,112
50.9,-2.9,31
50.9,-2.8,74
50.9,-2.7,76
50.9,-2.6,342
50.9,-2.5,28
50.9,-2.4,12
50.9,-2.3,29
50.9,-2.2,105
50.9,-2.1,3
50.9,-2,1
50.9,-1.9,83
50.9,-1.8,70
50.9,-1.6,34
50.9,-1.5,595
50.9,-1.4,2654
50.9,-1.3,665
50.9,-1.2,248
50.9,-1.1,166
50.9,-1,756
50.9,-0.9,51
50.9,-0.8,21
50.9,-0.7,37
50.9,-0.6,40
50.9,-0.5,41
50.9,-0.4,46
50.9,-0.3,66
50.9,-0.2,141
50.9,-0.1,214
50.9,0,294
50.9,0.1,15
50.9,0.2,56
50.9,0.3,111
50.9,0.4,29
50.9,0.5,332
50.9,0.6,1016
50.9,0.7,39
50.9,0.8,19
50.9,0.9,17
50.9,1,3
51,-114.2,2
51,-114.1,14
51,-114,7
51,-113.9,1
51,-4.5,13
51,-4.4,6
51,-4.3,2
51,-4.2,168
51,-4.1,35
51,-4,5
51,-3.9,1
51,-3.8,27
51,-3.6,3
51,-3.5,13
51,-3.4,4
51,-3.3,17
51,-3.2,92
51,-3.1,710
51,-3,27
51,-2.9,20
51,-2.8,68
51,-2.7,80
51,-2.6,81
51,-2.5,37
51,-2.4,33
51,-2.3,85
51,-2.2,78
51,-2.1,3
51,-2,4
51,-1.9,3
51,-1.8,23
51,-1.7,27
51,-1.6,34
51,-1.5,185
51,-1.4,393
51,-1.3,139
51,-1.2,27
51,-1.1,15
51,-1,15
51,-0.9,139
51,-0.8,16
51,-0.7,88
51,-0.6,27
51,-0.5,84
51,-0.4,32
51,-0.3,36
51,-0.2,37
51,-0.1,470
51,0,33
51,0.1,109
51,0.2,53
51,0.3,55
51,0.4,23
51,0.5,41
51,0.6,18
51,0.7,55
51,0.8,6
51,0.9,34
51,1,45
51.1,-114.2,4
51.1,-114.1,8
51.1,-114,10
51.1,-113.9,1
51.1,-4.2,29
51.1,-4.1,236
51.1,-4,102
51.1,-3.9,8
51.1,-3.8,2
51.1,-3.5,2
51.1,-3.4,1
51.1,-3.3,3
51.1,-3.2,19
51.1,-3.1,16
51.1,-3,454
51.1,-2.9,11
51.1,-2.8,20
51.1,-2.7,192
51.1,-2.6,8
51.1,-2.5,30
51.1,-2.4,25
51.1,-2.3,26
51.1,-2.2,4
51.1,-2.1,7
51.1,-2,3
51.1,-1.9,35
51.1,-1.8,430
51.1,-1.7,21
51.1,-1.6,10
51.1,-1.5,8
51.1,-1.4,16
51.1,-1.3,350
51.1,-1.2,24
51.1,-1.1,21
51.1,-1,73
51.1,-0.9,117
51.1,-0.8,117
51.1,-0.7,123
51.1,-0.6,21
51.1,-0.5,89
51.1,-0.4,76
51.1,-0.3,280
51.1,-0.2,981
51.1,-0.1,96
51.1,0,176
51.1,0.1,24
51.1,0.2,138
51.1,0.3,450
51.1,0.4,29
51.1,0.5,33
51.1,0.6,22
51.1,0.7,33
51.1,0.8,63
51.1,0.9,357
51.1,1,17
51.1,1.1,137
51.1,1.2,439
51.1,1.3,393
51.1,5.8,1
51.1,5.9,4
51.1,6,2
51.2,-114.1,1
51.2,-4.2,1
51.2,-4.1,94
51.2,-4,5
51.2,-3.8,6
51.2,-3.6,4
51.2,-3.5,105
51.2,-3.4,11
51.2,-3.3,63
51.2,-3.2,9
51.2,-3.1,12
51.2,-3,204
51.2,-2.9,27
51.2,-2.8,7
51.2,-2.7,84
51.2,-2.6,66
51.2,-2.5,91
51.2,-2.4,20
51.2,-2.3,243
51.2,-2.2,125
51.2,-2.1,5
51.2,-2,2
51.2,-1.9,5
51.2,-1.8,128
51.2,-1.7,65
51.2,-1.6,17
51.2,-1.5,364
51.2,-1.4,13
51.2,-1.3,57
51.2,-1.2,17
51.2,-1.1,155
51.2,-1,54
51.2,-0.9,37
51.2,-0.8,542
51.2,-0.7,220
51.2,-0.6,1049
51.2,-0.5,76
51.2,-0.4,51
51.2,-0.3,241
51.2,-0.2,1045
51.2,-0.1,127
51.2,0,158
51.2,0.1,110
51.2,0.2,36
51.2,0.3,352
51.2,0.4,96
51.2,0.5,112
51.2,0.6,151
51.2,0.7,33
51.2,0.8,33
51.2,0.9,120
51.2,1,13
51.2,1.1,10
51.2,1.2,47
51.2,1.3,81
51.2,1.4,212
51.2,3.8,4
51.2,4,1
51.2,5.7,1
51.2,5.8,2
51.2,5.9,4
51.2,6,23
51.2,6.1,1
51.3,-3,435
51.3,-2.9,62
51.3,-2.8,60
51.3,-2.7,6
51.3,-2.6,11
51.3,-2.5,173
51.3,-2.4,63
51.3,-2.3,53
51.3,-2.2,470
51.3,-2.1,13
51.3,-2,59
51.3,-1.9,6
51.3,-1.8,24
51.3,-1.7,9
51.3,-1.6,31
51.3,-1.5,5
51.3,-1.4,5
51.3,-1.3,15
51.3,-1.2,22
51.3,-1.1,832
51.3,-1,84
51.3,-0.9,115
51.3,-0.8,841
51.3,-0.7,680
51.3,-0.6,1101
51.3,-0.5,584
51.3,-0.4,316
51.3,-0.3,774
51.3,-0.2,523
51.3,-0.1,979
51.3,0,365
51.3,0.1,76
51.3,0.2,171
51.3,0.3,52
51.3,0.4,268
51.3,0.5,928
51.3,0.6,185
51.3,0.7,322
51.3,0.8,134
51.3,0.9,200
51.3,1,60
51.3,1.1,642
51.3,1.2,38
51.3,1.3,73
51.3,1.4,485
51.3,3.4,1
51.3,3.5,3
51.3,3.8,15
51.3,3.9,6
51.3,4,1
51.3,5.2,1
51.3,5.3,1
51.3,5.4,2
51.3,5.5,2
51.3,5.6,6
51.3,5.7,5
51.3,6,4
51.3,6.1,2
51.3,6.2,2
51.4,-3.6,2
51.4,-3.5,32
51.4,-3.4,19
51.4,-3.3,436
51.4,-3.2,186
51.4,-3,105
51.4,-2.9,244
51.4,-2.8,150
51.4,-2.7,74
51.4,-2.6,1314
51.4,-2.5,352
51.4,-2.4,728
51.4,-2.3,84
51.4,-2.2,85
51.4,-2.1,176
51.4,-2,262
51.4,-1.9,11
51.4,-1.8,5
51.4,-1.7,42
51.4,-1.6,10
51.4,-1.5,50
51.4,-1.4,34
51.4,-1.3,614
51.4,-1.2,99
51.4,-1.1,129
51.4,-1,537
51.4,-0.9,374
51.4,-0.8,470
51.4,-0.7,447
51.4,-0.6,300
51.4,-0.5,1364
51.4,-0.4,1906
51.4,-0.3,2118
51.4,-0.2,3788
51.4,-0.1,5390
51.4,0,2945
51.4,0.1,1363
51.4,0.2,638
51.4,0.3,513
51.4,0.4,739
51.4,0.5,1452
51.4,0.6,516
51.4,0.7,189
51.4,0.8,253
51.4,0.9,61
51.4,1,124
51.4,1.1,208
51.4,1.2,32
51.4,1.3,102
51.4,1.4,728
51.4,3.5,1
51.4,3.6,5
51.4,3.8,4
51.4,4.1,1
51.4,4.2,1
51.4,5.2,3
51.4,5.3,3
51.4,5.4,16
51.4,5.5,75
51.4,5.6,11
51.4,5.7,3
51.4,5.8,2
51.4,6,2
51.4,6.1,3
51.4,6.2,9
51.5,-4.2,2
51.5,-3.7,228
51.5,-3.6,482
51.5,-3.5,109
51.5,-3.4,131
51.5,-3.3,320
51.5,-3.2,2792
51.5,-3.1,768
51.5,-3,2
51.5,-2.8,107
51.5,-2.7,205
51.5,-2.6,2971
51.5,-2.5,1183
51.5,-2.4,177
51.5,-2.3,7
51.5,-2.2,7
51.5,-2.1,267
51.5,-2,19
51.5,-1.9,51
51.5,-1.8,73
51.5,-1.7,66
51.5,-1.6,11
51.5,-1.5,15
51.5,-1.4,8
51.5,-1.3,18
51.5,-1.2,14
51.5,-1.1,113
51.5,-1,1091
51.5,-0.9,311
51.5,-0.8,97
51.5,-0.7,613
51.5,-0.6,1853
51.5,-0.5,1703
51.5,-0.4,4261
51.5,-0.3,4005
51.5,-0.2,10691
51.5,-0.1,18298
51.5,0,7545
51.5,0.1,4284
51.5,0.2,1218
51.5,0.3,874
51.5,0.4,456
51.5,0.5,55
51.5,0.6,378
51.5,0.7,1081
51.5,0.8,158
51.5,3.5,4
51.5,3.6,26
51.5,3.7,2
51.5,3.8,5
51.5,3.9,16
51.5,4,5
51.5,5.3,4
51.5,5.4,10
51.5,5.5,20
51.5,5.6,12
51.5,5.7,17
51.5,5.8,3
51.5,5.9,1
51.5,6,9
51.5,6.1,2
51.6,-4.9,1
51.6,-4.8,4
51.6,-4.3,1
51.6,-4.2,4
51.6,-4.1,36
51.6,-4,709
51.6,-3.9,890
51.6,-3.8,479
51.6,-3.7,140
51.6,-3.6,131
51.6,-3.5,308
51.6,-3.4,404
51.6,-3.3,518
51.6,-3.2,559
51.6,-3.1,311
51.6,-3,1965
51.6,-2.9,256
51.6,-2.8,130
51.6,-2.7,158
51.6,-2.6,36
51.6,-2.5,107
51.6,-2.4,42
51.6,-2.3,14
51.6,-2.2,32
51.6,-2.1,43
51.6,-2,10
51.6,-1.9,41
51.6,-1.8,1354
51.6,-1.7,230
51.6,-1.6,11
51.6,-1.5,19
51.6,-1.4,88
51.6,-1.3,69
51.6,-1.2,155
51.6,-1.1,94
51.6,-1,16
51.6,-0.9,6
51.6,-0.8,595
51.6,-0.7,551
51.6,-0.6,251
51.6,-0.5,357
51.6,-0.4,1579
51.6,-0.3,3159
51.6,-0.2,2958
51.6,-0.1,7595
51.6,0,4385
51.6,0.1,3051
51.6,0.2,1774
51.6,0.3,430
51.6,0.4,429
51.6,0.5,873
51.6,0.6,375
51.6,0.7,393
51.6,0.8,37
51.6,3.8,3
51.6,3.9,4
51.6,4,3
51.6,4.1,1
51.6,5.2,2
51.6,5.3,12
51.6,5.4,3
51.6,5.5,13
51.6,5.6,4
51.6,5.7,4
51.6,5.8,1
51.6,5.9,7
51.6,6,4
51.6,6.1,2
51.7,-5.2,2
51.7,-5.1,48
51.7,-5,156
51.7,-4.9,243
51.7,-4.8,10
51.7,-4.7,81
51.7,-4.3,62
51.7,-4.2,439
51.7,-4.1,239
51.7,-4,236
51.7,-3.9,395
51.7,-3.8,328
51.7,-3.7,21
51.7,-3.6,65
51.7,-3.5,247
51.7,-3.4,587
51.7,-3.3,250
51.7,-3.2,664
51.7,-3.1,414
51.7,-3,550
51.7,-2.9,22
51.7,-2.8,1
51.7,-2.7,19
51.7,-2.6,19
51.7,-2.5,75
51.7,-2.4,117
51.7,-2.3,104
51.7,-2.2,253
51.7,-2.1,4
51.7,-2,162
51.7,-1.9,26
51.7,-1.8,21
51.7,-1.7,11
51.7,-1.6,40
51.7,-1.5,14
51.7,-1.4,19
51.7,-1.3,282
51.7,-1.2,737
51.7,-1.1,77
51.7,-1,53
51.7,-0.9,46
51.7,-0.8,55
51.7,-0.7,118
51.7,-0.6,327
51.7,-0.5,366
51.7,-0.4,1230
51.7,-0.3,764
51.7,-0.2,435
51.7,-0.1,687
51.7,0,1287
51.7,0.1,241
51.7,0.2,68
51.7,0.3,80
51.7,0.4,97
51.7,0.5,704
51.7,0.6,42
51.7,0.7,165
51.7,0.8,63
51.7,0.9,10
51.7,3.7,1
51.7,3.9,4
51.7,4,2
51.7,4.1,2
51.7,5.1,9
51.7,5.2,6
51.7,5.3,47
51.7,5.4,9
51.7,5.5,7
51.7,5.6,11
51.7,5.7,3
51.7,5.8,6
51.7,5.9,8
51.7,6,2
51.8,-5.1,5
51.8,-5,224
51.8,-4.9,7
51.8,-4.7,26
51.8,-4.6,9
51.8,-4.5,22
51.8,-4.4,8
51.8,-4.3,11
51.8,-4.2,41
51.8,-4.1,57
51.8,-4,115
51.8,-3.9,51
51.8,-3.8,78
51.8,-3.7,54
51.8,-3.6,1
51.8,-3.5,2
51.8,-3.4,268
51.8,-3.3,155
51.8,-3.2,549
51.8,-3.1,101
51.8,-3,168
51.8,-2.9,15
51.8,-2.8,3
51.8,-2.7,99
51.8,-2.6,84
51.8,-2.5,105
51.8,-2.4,22
51.8,-2.3,298
51.8,-2.2,283
51.8,-2.1,39
51.8,-2,5
51.8,-1.9,2
51.8,-1.8,5
51.8,-1.6,69
51.8,-1.5,199
51.8,-1.4,47
51.8,-1.3,641
51.8,-1.2,348
51.8,-1.1,7
51.8,-1,23
51.8,-0.9,24
51.8,-0.8,558
51.8,-0.7,115
51.8,-0.6,114
51.8,-0.5,453
51.8,-0.4,232
51.8,-0.3,510
51.8,-0.2,784
51.8,-0.1,318
51.8,0,405
51.8,0.1,799
51.8,0.2,56
51.8,0.3,10
51.8,0.4,13
51.8,0.5,157
51.8,0.6,199
51.8,0.7,83
51.8,0.8,23
51.8,0.9,40
51.8,1,40
51.8,1.1,299
51.8,1.2,321
51.8,1.3,27
51.8,3.9,1
51.8,4.1,3
51.8,4.2,4
51.8,4.3,4
51.8,4.5,2
51.8,4.7,3
51.8,4.8,1
51.8,5,3
51.8,5.1,1
51.8,5.2,3
51.8,5.3,3
51.8,5.4,1
51.8,5.5,20
51.8,5.6,3
51.8,5.7,9
51.8,5.8,40
51.8,5.9,23
51.9,-5.3,3
51.9,-5.2,4
51.9,-5.1,2
51.9,-5,9
51.9,-4.9,2
51.9,-4.7,3
51.9,-4.3,172
51.9,-4.2,4
51.9,-4.1,4
51.9,-4,23
51.9,-3.9,12
51.9,-3.6,9
51.9,-3.5,5
51.9,-3.4,47
51.9,-3.3,6
51.9,-3.2,5
51.9,-3.1,15
51.9,-3,9
51.9,-2.9,8
51.9,-2.7,19
51.9,-2.6,112
51.9,-2.5,24
51.9,-2.4,33
51.9,-2.3,118
51.9,-2.2,1094
51.9,-2.1,1306
51.9,-2,62
51.9,-1.8,13
51.9,-1.7,19
51.9,-1.6,17
51.9,-1.5,28
51.9,-1.4,9
51.9,-1.3,16
51.9,-1.2,164
51.9,-1.1,84
51.9,-1,11
51.9,-0.9,22
51.9,-0.8,18
51.9,-0.7,254
51.9,-0.6,93
51.9,-0.5,1232
51.9,-0.4,1708
51.9,-0.3,121
51.9,-0.2,835
51.9,-0.1,36
51.9,0,37
51.9,0.1,57
51.9,0.2,272
51.9,0.3,115
51.9,0.4,64
51.9,0.5,154
51.9,0.6,344
51.9,0.7,41
51.9,0.8,85
51.9,0.9,992
51.9,1,42
51.9,1.1,45
51.9,1.2,35
51.9,1.3,127
51.9,4.2,2
51.9,4.3,6
51.9,4.4,12
51.9,4.5,38
51.9,4.6,13
51.9,4.7,3
51.9,5.1,1
51.9,5.2,5
51.9,5.3,6
51.9,5.4,12
51.9,5.6,8
51.9,5.7,4
51.9,5.8,7
51.9,5.9,1
51.9,6,1
51.9,6.1,3
51.9,6.2,5
51.9,6.3,14
51.9,6.4,13
51.9,6.5,5
51.9,6.6,7
52,-5,67
52,-4.9,1
52,-4.8,11
52,-4.7,1
52,-4.6,6
52,-4.5,23
52,-4.4,14
52,-4.3,16
52,-4.2,2
52,-3.9,4
52,-3.8,6
52,-3.7,3
52,-3.4,18
52,-3.3,2
52,-3.2,8
52,-3,7
52,-2.9,11
52,-2.8,23
52,-2.7,204
52,-2.6,12
52,-2.5,5
52,-2.4,74
52,-2.3,3
52,-2.2,64
52,-2.1,82
52,-2,27
52,-1.9,21
52,-1.8,8
52,-1.7,50
52,-1.6,3
52,-1.5,2
52,-1.4,10
52,-1.3,34
52,-1.2,45
52,-1.1,37
52,-1,54
52,-0.9,7
52,-0.8,931
52,-0.7,710
52,-0.6,67
52,-0.5,192
52,-0.4,87
52,-0.3,264
52,-0.2,405
52,-0.1,9
52,0,59
52,0.1,6
52,0.2,75
52,0.3,32
52,0.4,10
52,0.5,11
52,0.6,35
52,0.7,150
52,0.8,57
52,0.9,20
52,1,72
52,1.1,285
52,1.2,303
52,1.3,194
52,1.4,72
52,4.2,10
52,4.3,14
52,4.4,13
52,4.5,7
52,4.6,1
52,4.7,1
52,4.9,4
52,5,10
52,5.1,22
52,5.2,14
52,5.3,10
52,5.5,8
52,5.6,10
52,5.8,1
52,5.9,1
52,6,1
52,6.2,2
52,6.3,25
52,6.4,2
52,6.5,1
52,6.6,3
52,6.7,18
52.1,-106.7,3
52.1,-4.7,57
52.1,-4.6,18
52.1,-4.5,8
52.1,-4.4,5
52.1,-4.2,7
52.1,-4.1,25
52.1,-3.6,4
52.1,-3.4,12
52.1,-3.3,4
52.1,-3.2,3
52.1,-3.1,18
52.1,-3,5
52.1,-2.9,5
52.1,-2.8,29
52.1,-2.7,547
52.1,-2.6,23
52.1,-2.5,3
52.1,-2.4,13
52.1,-2.3,342
52.1,-2.2,44
52.1,-2.1,81
52.1,-2,46
52.1,-1.9,229
52.1,-1.8,17
52.1,-1.7,16
52.1,-1.6,25
52.1,-1.5,9
52.1,-1.4,126
52.1,-1.3,274
52.1,-1.2,5
52.1,-1.1,11
52.1,-1,94
52.1,-0.9,56
52.1,-0.8,337
52.1,-0.7,157
52.1,-0.6,21
52.1,-0.5,995
52.1,-0.4,135
52.1,-0.3,241
52.1,-0.2,38
52.1,-0.1,22
52.1,0,82
52.1,0.1,26
52.1,0.2,54
52.1,0.3,32
52.1,0.4,241
52.1,0.5,34
52.1,0.6,13
52.1,0.7,83
52.1,0.8,21
52.1,0.9,11
52.1,1,18
52.1,1.1,552
52.1,1.2,742
52.1,1.3,147
52.1,1.4,29
52.1,1.5,4
52.1,1.6,1
52.1,4.2,2
52.1,4.3,53
52.1,4.4,13
52.1,4.5,2
52.1,4.9,11
52.1,5,25
52.1,5.1,82
52.1,5.2,28
52.1,5.3,13
52.1,5.4,17
52.1,5.5,3
52.1,6,3
52.1,6.1,3
52.1,6.2,31
52.1,6.3,6
52.1,6.5,1
52.1,6.6,8
52.1,6.7,2
52.2,-4.4,9
52.2,-4.3,25
52.2,-4.2,4
52.2,-4.1,2
52.2,-4,6
52.2,-3.9,7
52.2,-3.4,70
52.2,-3.2,5
52.2,-3,41
52.2,-2.9,16
52.2,-2.8,9
52.2,-2.7,105
52.2,-2.6,5
52.2,-2.5,31
52.2,-2.4,7
52.2,-2.3,72
52.2,-2.2,1221
52.2,-2.1,15
52.2,-2,18
52.2,-1.9,78
52.2,-1.8,23
52.2,-1.7,264
52.2,-1.6,28
52.2,-1.5,38
52.2,-1.4,23
52.2,-1.3,8
52.2,-1.2,50
52.2,-1.1,38
52.2,-1,59
52.2,-0.9,1427
52.2,-0.8,72
52.2,-0.7,43
52.2,-0.6,24
52.2,-0.5,94
52.2,-0.4,78
52.2,-0.3,272
52.2,-0.2,28
52.2,-0.1,51
52.2,0,32
52.2,0.1,1212
52.2,0.2,293
52.2,0.3,10
52.2,0.4,124
52.2,0.5,7
52.2,0.6,11
52.2,0.7,287
52.2,0.8,32
52.2,0.9,40
52.2,1,169
52.2,1.1,27
52.2,1.2,19
52.2,1.3,29
52.2,1.4,8
52.2,1.5,43
52.2,1.6,55
52.2,4.7,1
52.2,4.8,1
52.2,4.9,13
52.2,5,7
52.2,5.1,2
52.2,5.2,3
52.2,5.3,22
52.2,5.4,50
52.2,5.5,1
52.2,5.6,3
52.2,5.9,14
52.2,6,82
52.2,6.1,17
52.2,6.2,6
52.2,6.4,5
52.2,6.7,2
52.2,6.8,3
52.2,6.9,41
52.2,7,4
52.3,-4.2,8
52.3,-4.1,1
52.3,-3.9,2
52.3,-3.5,15
52.3,-3.4,4
52.3,-3.3,9
52.3,-3.1,4
52.3,-3,23
52.3,-2.9,15
52.3,-2.8,5
52.3,-2.7,5
52.3,-2.6,23
52.3,-2.5,9
52.3,-2.4,11
52.3,-2.3,162
52.3,-2.2,127
52.3,-2.1,324
52.3,-2,218
52.3,-1.9,812
52.3,-1.8,26
52.3,-1.7,25
52.3,-1.6,276
52.3,-1.5,647
52.3,-1.4,34
52.3,-1.3,19
52.3,-1.2,232
52.3,-1.1,75
52.3,-1,37
52.3,-0.9,675
52.3,-0.8,452
52.3,-0.7,558
52.3,-0.6,415
52.3,-0.5,56
52.3,-0.4,12
52.3,-0.3,27
52.3,-0.2,255
52.3,-0.1,140
52.3,0,40
52.3,0.1,44
52.3,0.2,36
52.3,0.3,70
52.3,0.4,102
52.3,0.5,108
52.3,0.6,9
52.3,0.7,124
52.3,0.8,54
52.3,0.9,36
52.3,1,23
52.3,1.1,30
52.3,1.2,10
52.3,1.3,10
52.3,1.4,11
52.3,1.5,32
52.3,1.6,15
52.3,1.7,23
52.3,4.6,21
52.3,4.7,24
52.3,4.8,2
52.3,4.9,1
52.3,5,4
52.3,5.2,5
52.3,5.4,1
52.3,5.6,42
52.3,5.7,3
52.3,5.8,1
52.3,5.9,1
52.3,6,13
52.3,6.5,3
52.3,6.6,3
52.3,6.7,14
52.3,6.8,18
52.3,6.9,7
52.3,7,6
52.4,-4.1,187
52.4,-4,19
52.4,-3.9,1
52.4,-3.8,1
52.4,-3.5,16
52.4,-3.1,5
52.4,-3,5
52.4,-2.9,9
52.4,-2.8,27
52.4,-2.7,98
52.4,-2.6,7
52.4,-2.5,27
52.4,-2.4,20
52.4,-2.3,435
52.4,-2.2,445
52.4,-2.1,215
52.4,-2,1034
52.4,-1.9,1289
52.4,-1.8,1052
52.4,-1.7,75
52.4,-1.6,348
52.4,-1.5,2483
52.4,-1.4,281
52.4,-1.3,480
52.4,-1.2,156
52.4,-1.1,10
52.4,-1,8
52.4,-0.9,5
52.4,-0.8,153
52.4,-0.7,640
52.4,-0.6,18
52.4,-0.5,55
52.4,-0.4,3
52.4,-0.3,21
52.4,-0.2,34
52.4,-0.1,42
52.4,0,37
52.4,0.1,29
52.4,0.2,33
52.4,0.3,134
52.4,0.4,3
52.4,0.5,83
52.4,0.6,91
52.4,0.7,209
52.4,0.8,87
52.4,0.9,21
52.4,1,12
52.4,1.1,92
52.4,1.2,20
52.4,1.3,21
52.4,1.4,11
52.4,1.5,19
52.4,1.6,41
52.4,1.7,60
52.4,4.5,6
52.4,4.6,51
52.4,4.7,22
52.4,4.8,10
52.4,4.9,3
52.4,5.2,8
52.4,5.3,5
52.4,5.5,1
52.4,5.6,6
52.4,5.7,1
52.4,5.8,5
52.4,5.9,10
52.4,6,10
52.4,6.1,5
52.4,6.5,5
52.4,6.6,5
52.4,6.7,9
52.4,6.8,3
52.4,6.9,2
52.4,10000,1
52.5,-4.1,5
52.5,-4,8
52.5,-3.5,1
52.5,-3.4,7
52.5,-3.3,166
52.5,-3.2,6
52.5,-3.1,2
52.5,-3,4
52.5,-2.9,5
52.5,-2.8,10
52.5,-2.7,6
52.5,-2.6,2
52.5,-2.5,1
52.5,-2.4,120
52.5,-2.3,7
52.5,-2.2,320
52.5,-2.1,2007
52.5,-2,2217
52.5,-1.9,4494
52.5,-1.8,2295
52.5,-1.7,638
52.5,-1.6,48
52.5,-1.5,1246
52.5,-1.4,312
52.5,-1.3,45
52.5,-1.2,119
52.5,-1.1,14
52.5,-1,43
52.5,-0.9,118
52.5,-0.8,11
52.5,-0.7,588
52.5,-0.6,22
52.5,-0.5,25
52.5,-0.4,4
52.5,-0.3,264
52.5,-0.2,39
52.5,-0.1,26
52.5,0,45
52.5,0.1,116
52.5,0.2,12
52.5,0.3,36
52.5,0.4,9
52.5,0.5,15
52.5,0.6,13
52.5,0.7,13
52.5,0.8,5
52.5,0.9,14
52.5,1,68
52.5,1.1,10
52.5,1.2,28
52.5,1.3,16
52.5,1.4,47
52.5,1.5,44
52.5,1.6,53
52.5,1.7,594
52.5,1.8,188
52.5,4.6,18
52.5,4.7,37
52.5,4.8,10
52.5,4.9,7
52.5,5,14
52.5,5.5,4
52.5,5.7,2
52.5,5.9,1
52.5,6,7
52.5,6.1,4
52.5,6.2,1
52.5,6.6,2
52.6,-4.1,14
52.6,-4,2
52.6,-3.9,11
52.6,-3.8,4
52.6,-3.6,1
52.6,-3.4,1
52.6,-3.3,16
52.6,-3.2,5
52.6,-3.1,7
52.6,-3,9
52.6,-2.9,29
52.6,-2.8,10
52.6,-2.7,1
52.6,-2.6,17
52.6,-2.5,163
52.6,-2.4,143
52.6,-2.3,36
52.6,-2.2,310
52.6,-2.1,1841
52.6,-2,1739
52.6,-1.9,497
52.6,-1.8,412
52.6,-1.7,495
52.6,-1.6,116
52.6,-1.5,92
52.6,-1.4,79
52.6,-1.3,150
52.6,-1.2,1304
52.6,-1.1,2528
52.6,-1,45
52.6,-0.9,11
52.6,-0.8,3
52.6,-0.7,17
52.6,-0.6,7
52.6,-0.5,28
52.6,-0.4,24
52.6,-0.3,627
52.6,-0.2,1107
52.6,-0.1,56
52.6,0,17
52.6,0.1,97
52.6,0.2,48
52.6,0.3,8
52.6,0.4,85
52.6,0.5,7
52.6,0.6,1
52.6,0.7,46
52.6,0.8,74
52.6,0.9,47
52.6,1,16
52.6,1.1,77
52.6,1.2,297
52.6,1.3,1443
52.6,1.4,61
52.6,1.5,27
52.6,1.6,15
52.6,1.7,934
52.6,4.9,1
52.6,5,1
52.6,5.6,2
52.7,-4.1,11
52.7,-3.9,17
52.7,-3.8,1
52.7,-3.2,11
52.7,-3.1,62
52.7,-3,5
52.7,-2.9,6
52.7,-2.8,375
52.7,-2.7,349
52.7,-2.6,3
52.7,-2.5,706
52.7,-2.4,494
52.7,-2.3,7
52.7,-2.2,17
52.7,-2.1,78
52.7,-2,678
52.7,-1.9,158
52.7,-1.8,225
52.7,-1.7,14
52.7,-1.6,47
52.7,-1.5,125
52.7,-1.4,239
52.7,-1.3,96
52.7,-1.2,388
52.7,-1.1,783
52.7,-1,6
52.7,-0.9,4
52.7,-0.8,4
52.7,-0.7,70
52.7,-0.6,11
52.7,-0.5,155
52.7,-0.4,20
52.7,-0.3,57
52.7,-0.2,16
52.7,-0.1,10
52.7,0,11
52.7,0.1,49
52.7,0.2,364
52.7,0.3,17
52.7,0.4,158
52.7,0.5,23
52.7,0.6,13
52.7,0.7,34
52.7,0.8,10
52.7,0.9,150
52.7,1,45
52.7,1.1,14
52.7,1.2,92
52.7,1.3,302
52.7,1.4,30
52.7,1.5,23
52.7,1.6,17
52.7,1.7,62
52.7,5.7,1
52.8,-4.5,3
52.8,-4.1,8
52.8,-3.4,4
52.8,-3.3,9
52.8,-3.2,4
52.8,-3.1,25
52.8,-3,12
52.8,-2.9,15
52.8,-2.8,17
52.8,-2.7,18
52.8,-2.6,6
52.8,-2.5,13
52.8,-2.4,67
52.8,-2.3,6
52.8,-2.2,13
52.8,-2.1,499
52.8,-2,34
52.8,-1.9,107
52.8,-1.8,12
52.8,-1.7,82
52.8,-1.6,722
52.8,-1.5,89
52.8,-1.4,62
52.8,-1.3,126
52.8,-1.2,559
52.8,-1.1,32
52.8,-1,7
52.8,-0.9,145
52.8,-0.8,5
52.8,-0.7,6
52.8,-0.6,31
52.8,-0.5,7
52.8,-0.4,58
52.8,-0.3,2
52.8,-0.2,146
52.8,-0.1,115
52.8,0,107
52.8,0.1,50
52.8,0.2,28
52.8,0.3,26
52.8,0.4,438
52.8,0.5,32
52.8,0.6,1
52.8,0.7,11
52.8,0.8,52
52.8,0.9,37
52.8,1,12
52.8,1.1,17
52.8,1.2,24
52.8,1.3,55
52.8,1.4,86
52.8,1.5,29
52.8,1.6,3
52.9,-4.6,3
52.9,-4.5,16
52.9,-4.4,47
52.9,-4.3,7
52.9,-4.2,17
52.9,-4.1,58
52.9,-3.9,6
52.9,-3.7,1
52.9,-3.6,12
52.9,-3.2,6
52.9,-3.1,168
52.9,-3,102
52.9,-2.9,18
52.9,-2.8,8
52.9,-2.7,63
52.9,-2.6,9
52.9,-2.5,94
52.9,-2.4,15
52.9,-2.3,7
52.9,-2.2,45
52.9,-2.1,60
52.9,-2,5
52.9,-1.9,56
52.9,-1.8,11
52.9,-1.7,29
52.9,-1.6,80
52.9,-1.5,2266
52.9,-1.4,724
52.9,-1.3,619
52.9,-1.2,782
52.9,-1.1,413
52.9,-1,100
52.9,-0.9,19
52.9,-0.8,14
52.9,-0.7,145
52.9,-0.6,321
52.9,-0.5,3
52.9,-0.4,2
52.9,-0.3,17
52.9,-0.2,23
52.9,-0.1,45
52.9,0,20
52.9,0.1,1
52.9,0.5,114
52.9,0.6,4
52.9,0.7,10
52.9,0.8,5
52.9,0.9,12
52.9,1,16
52.9,1.1,27
52.9,1.2,46
52.9,1.3,66
52.9,1.4,29
52.9,1.5,2
53,-4.5,2
53,-4.4,11
53,-4.3,9
53,-4.1,3
53,-4,4
53,-3.9,31
53,-3.8,1
53,-3.7,1
53,-3.6,3
53,-3.5,5
53,-3.4,10
53,-3.3,3
53,-3.2,35
53,-3.1,152
53,-3,573
53,-2.9,16
53,-2.8,3
53,-2.7,76
53,-2.6,5
53,-2.5,5
53,-2.4,2
53,-2.3,122
53,-2.2,1771
53,-2.1,624
53,-2,76
53,-1.9,15
53,-1.8,12
53,-1.7,66
53,-1.6,8
53,-1.5,183
53,-1.4,285
53,-1.3,708
53,-1.2,2861
53,-1.1,1866
53,-1,74
53,-0.9,14
53,-0.8,10
53,-0.7,7
53,-0.6,17
53,-0.5,15
53,-0.4,172
53,-0.3,18
53,-0.2,5
53,-0.1,16
53,0,498
53,0.1,15
53,0.5,3
53,0.6,5
53,0.7,2
53,0.8,2
53,0.9,8
53,1,2
53.1,-4.3,203
53.1,-4.2,19
53.1,-4.1,20
53.1,-3.8,34
53.1,-3.4,2
53.1,-3.3,55
53.1,-3.2,6
53.1,-3.1,69
53.1,-3,358
53.1,-2.9,12
53.1,-2.8,15
53.1,-2.7,1
53.1,-2.6,3
53.1,-2.5,211
53.1,-2.4,297
53.1,-2.3,113
53.1,-2.2,628
53.1,-2.1,65
53.1,-2,135
53.1,-1.9,9
53.1,-1.7,5
53.1,-1.6,92
53.1,-1.5,54
53.1,-1.4,288
53.1,-1.3,811
53.1,-1.2,837
53.1,-1.1,89
53.1,-1,57
53.1,-0.9,15
53.1,-0.8,447
53.1,-0.7,6
53.1,-0.6,5
53.1,-0.5,10
53.1,-0.4,28
53.1,-0.3,21
53.1,-0.2,34
53.1,-0.1,5
53.1,0,10
53.1,0.1,16
53.1,0.2,36
53.1,0.3,176
53.2,-4.5,7
53.2,-4.4,17
53.2,-4.3,8
53.2,-4.2,84
53.2,-4.1,340
53.2,-4,9
53.2,-3.8,5
53.2,-3.7,4
53.2,-3.6,5
53.2,-3.5,4
53.2,-3.4,101
53.2,-3.3,6
53.2,-3.2,38
53.2,-3.1,428
53.2,-3,264
53.2,-2.9,611
53.2,-2.8,19
53.2,-2.7,14
53.2,-2.6,25
53.2,-2.5,165
53.2,-2.4,48
53.2,-2.3,12
53.2,-2.2,165
53.2,-2.1,51
53.2,-1.9,25
53.2,-1.8,3
53.2,-1.7,41
53.2,-1.6,27
53.2,-1.5,106
53.2,-1.4,749
53.2,-1.3,162
53.2,-1.2,482
53.2,-1.1,107
53.2,-1,107
53.2,-0.9,19
53.2,-0.8,18
53.2,-0.7,11
53.2,-0.6,429
53.2,-0.5,854
53.2,-0.4,16
53.2,-0.3,13
53.2,-0.2,7
53.2,-0.1,45
53.2,0,1
53.2,0.1,32
53.2,0.2,6
53.2,0.3,118
53.2,0.4,1
53.2,6.6,1
53.3,-4.7,2
53.3,-4.6,217
53.3,-4.5,15
53.3,-4.4,31
53.3,-4.3,65
53.3,-4.2,14
53.3,-4.1,16
53.3,-4,14
53.3,-3.9,35
53.3,-3.8,388
53.3,-3.7,263
53.3,-3.6,74
53.3,-3.5,548
53.3,-3.4,176
53.3,-3.3,25
53.3,-3.2,132
53.3,-3.1,131
53.3,-3,184
53.3,-2.9,403
53.3,-2.8,169
53.3,-2.7,352
53.3,-2.6,34
53.3,-2.5,129
53.3,-2.4,60
53.3,-2.3,23
53.3,-2.2,204
53.3,-2.1,238
53.3,-2,40
53.3,-1.9,243
53.3,-1.8,9
53.3,-1.7,24
53.3,-1.6,8
53.3,-1.5,547
53.3,-1.4,791
53.3,-1.3,384
53.3,-1.2,132
53.3,-1.1,461
53.3,-1,52
53.3,-0.9,135
53.3,-0.8,24
53.3,-0.7,21
53.3,-0.6,16
53.3,-0.5,64
53.3,-0.4,15
53.3,-0.3,13
53.3,-0.2,4
53.3,-0.1,3
53.3,0,2
53.3,0.1,4
53.3,0.2,31
53.3,0.3,127
53.4,-4.5,13
53.4,-4.4,13
53.4,-4.3,28
53.4,-4.2,2
53.4,-3.3,2
53.4,-3.2,75
53.4,-3.1,614
53.4,-3,3162
53.4,-2.9,2499
53.4,-2.8,854
53.4,-2.7,569
53.4,-2.6,758
53.4,-2.5,115
53.4,-2.4,503
53.4,-2.3,1809
53.4,-2.2,2548
53.4,-2.1,1082
53.4,-2,223
53.4,-1.9,95
53.4,-1.7,2
53.4,-1.6,31
53.4,-1.5,3194
53.4,-1.4,2148
53.4,-1.3,909
53.4,-1.2,277
53.4,-1.1,155
53.4,-1,81
53.4,-0.9,7
53.4,-0.8,317
53.4,-0.7,31
53.4,-0.6,13
53.4,-0.5,7
53.4,-0.4,8
53.4,-0.3,38
53.4,-0.2,18
53.4,-0.1,4
53.4,0,142
53.4,0.1,18
53.4,0.2,21
53.4,0.3,4
53.5,-113.6,2
53.5,-113.4,1
53.5,-3.1,13
53.5,-3,1157
53.5,-2.9,792
53.5,-2.8,368
53.5,-2.7,961
53.5,-2.6,1055
53.5,-2.5,838
53.5,-2.4,1183
53.5,-2.3,2279
53.5,-2.2,5129
53.5,-2.1,2951
53.5,-2,373
53.5,-1.9,3
53.5,-1.8,5
53.5,-1.7,11
53.5,-1.6,155
53.5,-1.5,525
53.5,-1.4,499
53.5,-1.3,768
53.5,-1.2,552
53.5,-1.1,1447
53.5,-1,67
53.5,-0.9,4
53.5,-0.8,26
53.5,-0.7,28
53.5,-0.6,25
53.5,-0.5,17
53.5,-0.4,7
53.5,-0.3,12
53.5,-0.2,15
53.5,-0.1,153
53.5,0,65
53.5,0.1,2
53.6,-113.5,2
53.6,-3.1,72
53.6,-3,448
53.6,-2.9,213
53.6,-2.8,271
53.6,-2.7,238
53.6,-2.6,413
53.6,-2.5,466
53.6,-2.4,1530
53.6,-2.3,1078
53.6,-2.2,1366
53.6,-2.1,1139
53.6,-2,36
53.6,-1.9,143
53.6,-1.8,976
53.6,-1.7,166
53.6,-1.6,88
53.6,-1.5,785
53.6,-1.4,465
53.6,-1.3,311
53.6,-1.2,255
53.6,-1.1,133
53.6,-1,371
53.6,-0.9,43
53.6,-0.8,38
53.6,-0.7,542
53.6,-0.6,283
53.6,-0.5,56
53.6,-0.4,16
53.6,-0.3,24
53.6,-0.2,93
53.6,-0.1,967
53.6,0,204
53.6,0.1,1
53.7,-3,200
53.7,-2.9,43
53.7,-2.8,123
53.7,-2.7,865
53.7,-2.6,468
53.7,-2.5,1164
53.7,-2.4,351
53.7,-2.3,307
53.7,-2.2,258
53.7,-2.1,154
53.7,-2,72
53.7,-1.9,1110
53.7,-1.8,985
53.7,-1.7,918
53.7,-1.6,1253
53.7,-1.5,1118
53.7,-1.4,610
53.7,-1.3,634
53.7,-1.2,70
53.7,-1.1,20
53.7,-1,44
53.7,-0.9,178
53.7,-0.8,11
53.7,-0.7,4
53.7,-0.6,53
53.7,-0.5,36
53.7,-0.4,730
53.7,-0.3,468
53.7,-0.2,37
53.7,-0.1,18
53.7,0,84
53.7,0.1,4
53.8,-3.1,719
53.8,-3,1543
53.8,-2.9,123
53.8,-2.8,158
53.8,-2.7,1723
53.8,-2.6,109
53.8,-2.5,437
53.8,-2.4,706
53.8,-2.3,609
53.8,-2.2,1285
53.8,-2.1,9
53.8,-2,34
53.8,-1.9,267
53.8,-1.8,2580
53.8,-1.7,1691
53.8,-1.6,2619
53.8,-1.5,3619
53.8,-1.4,368
53.8,-1.3,29
53.8,-1.2,31
53.8,-1.1,213
53.8,-1,29
53.8,-0.9,5
53.8,-0.8,21
53.8,-0.7,18
53.8,-0.6,18
53.8,-0.5,17
53.8,-0.4,958
53.8,-0.3,1039
53.8,-0.2,16
53.8,-0.1,9
53.8,0,3
53.9,-122.8,1
53.9,-3,771
53.9,-2.9,23
53.9,-2.8,40
53.9,-2.7,6
53.9,-2.6,4
53.9,-2.5,2
53.9,-2.4,141
53.9,-2.3,14
53.9,-2.2,332
53.9,-2.1,36
53.9,-2,68
53.9,-1.9,535
53.9,-1.8,145
53.9,-1.7,287
53.9,-1.6,133
53.9,-1.5,64
53.9,-1.4,125
53.9,-1.3,68
53.9,-1.2,10
53.9,-1.1,260
53.9,-1,23
53.9,-0.9,9
53.9,-0.8,27
53.9,-0.7,32
53.9,-0.6,1
53.9,-0.5,8
53.9,-0.4,22
53.9,-0.3,29
53.9,-0.2,56
53.9,-0.1,1
54,-2.9,88
54,-2.8,364
54,-2.7,4
54,-2.5,2
54,-2.4,4
54,-2.3,5
54,-2.2,8
54,-2.1,11
54,-2,134
54,-1.9,2
54,-1.7,7
54,-1.6,82
54,-1.5,588
54,-1.4,26
54,-1.3,11
54,-1.2,31
54,-1.1,1357
54,-1,122
54,-0.9,17
54,-0.8,1
54,-0.6,1
54,-0.5,10
54,-0.4,66
54,-0.3,8
54,-0.2,5
54.1,-3.3,46
54.1,-3.2,633
54.1,-2.9,471
54.1,-2.8,500
54.1,-2.7,8
54.1,-2.6,9
54.1,-2.5,16
54.1,-2.4,5
54.1,-2.3,24
54.1,-2,5
54.1,-1.8,12
54.1,-1.7,12
54.1,-1.6,6
54.1,-1.5,144
54.1,-1.4,31
54.1,-1.3,5
54.1,-1.2,24
54.1,-1.1,7
54.1,-1,9
54.1,-0.9,3
54.1,-0.8,126
54.1,-0.7,2
54.1,-0.6,1
54.1,-0.5,11
54.1,-0.4,4
54.1,-0.3,5
54.1,-0.2,409
54.1,-0.1,6
54.2,-3.3,39
54.2,-3.2,63
54.2,-3.1,84
54.2,-3,6
54.2,-2.9,16
54.2,-2.8,23
54.2,-2.7,5
54.2,-2.6,12
54.2,-2.5,2
54.2,-1.7,10
54.2,-1.6,4
54.2,-1.5,11
54.2,-1.4,16
54.2,-1.3,112
54.2,-1.2,6
54.2,-1.1,17
54.2,-1,4
54.2,-0.9,4
54.2,-0.8,32
54.2,-0.7,14
54.2,-0.6,3
54.2,-0.5,8
54.2,-0.4,119
54.2,-0.3,84
54.3,-3.4,2
54.3,-3.3,3
54.3,-3.2,3
54.3,-3,3
54.3,-2.9,2
54.3,-2.8,63
54.3,-2.7,201
54.3,-2.5,6
54.3,-2.2,5
54.3,-2.1,5
54.3,-1.9,3
54.3,-1.8,12
54.3,-1.6,31
54.3,-1.5,7
54.3,-1.4,148
54.3,-1,2
54.3,-0.9,14
54.3,-0.8,1
54.3,-0.6,1
54.3,-0.5,6
54.3,-0.4,636
54.4,-3.5,9
54.4,-3.4,3
54.4,-3.1,2
54.4,-3,29
54.4,-2.9,55
54.4,-2.8,10
54.4,-2.7,2
54.4,-2.6,9
54.4,-1.9,1
54.4,-1.8,3
54.4,-1.7,187
54.4,-1.6,26
54.4,-1.5,9
54.4,-1.4,18
54.4,-1.3,5
54.4,-1.2,3
54.4,-1.1,3
54.4,-0.8,1
54.4,-0.7,9
54.4,-0.5,5
54.5,-3.6,259
54.5,-3.5,175
54.5,-3.4,2
54.5,-3.3,2
54.5,-3,8
54.5,-2.9,1
54.5,-2.7,1
54.5,-2.6,3
54.5,-2.4,15
54.5,-2.3,6
54.5,-1.9,10
54.5,-1.8,5
54.5,-1.7,12
54.5,-1.6,274
54.5,-1.5,204
54.5,-1.4,77
54.5,-1.3,356
54.5,-1.2,522
54.5,-1.1,119
54.5,-1,26
54.5,-0.9,9
54.5,-0.8,1
54.5,-0.7,9
54.5,-0.6,118
54.6,-6,2
54.6,-3.6,263
54.6,-3.5,221
54.6,-3.4,2
54.6,-3.2,1
54.6,-3.1,29
54.6,-2.8,4
54.6,-2.7,12
54.6,-2.6,11
54.6,-2.5,9
54.6,-2.1,4
54.6,-1.9,2
54.6,-1.8,25
54.6,-1.7,76
54.6,-1.6,150
54.6,-1.5,10
54.6,-1.4,136
54.6,-1.3,1299
54.6,-1.2,1576
54.6,-1.1,631
54.6,-1,144
54.6,-0.9,155
54.6,-0.8,5
54.7,-3.6,5
54.7,-3.5,143
54.7,-3.4,76
54.7,-3.3,5
54.7,-3.2,3
54.7,-2.9,6
54.7,-2.8,122
54.7,-2.7,37
54.7,-2.6,1
54.7,-2.2,3
54.7,-2,17
54.7,-1.9,2
54.7,-1.8,26
54.7,-1.7,135
54.7,-1.6,123
54.7,-1.5,39
54.7,-1.4,80
54.7,-1.3,61
54.7,-1.2,1154
54.8,-3.4,2
54.8,-3.3,32
54.8,-3.2,53
54.8,-3.1,6
54.8,-3,15
54.8,-2.9,7
54.8,-2.8,2
54.8,-2.7,2
54.8,-2.4,4
54.8,-2,1
54.8,-1.9,21
54.8,-1.8,33
54.8,-1.7,30
54.8,-1.6,227
54.8,-1.5,257
54.8,-1.4,157
54.8,-1.3,163
54.9,-3.4,12
54.9,-3.2,6
54.9,-3.1,1
54.9,-3,238
54.9,-2.9,873
54.9,-2.8,11
54.9,-2.7,48
54.9,-2.5,2
54.9,-2.3,3
54.9,-2,5
54.9,-1.9,14
54.9,-1.8,120
54.9,-1.7,204
54.9,-1.6,690
54.9,-1.5,685
54.9,-1.4,1766
55,-3,15
55,-2.9,5
55,-2.7,1
55,-2.6,1
55,-2.5,19
55,-2.4,3
55,-2.3,1
55,-2.2,9
55,-2.1,96
55,-2,16
55,-1.9,52
55,-1.8,128
55,-1.7,1263
55,-1.6,2889
55,-1.5,1380
55,-1.4,1022
55.1,-2.8,1
55.1,-2.3,2
55.1,-2.2,2
55.1,-2.1,1
55.1,-1.8,5
55.1,-1.7,22
55.1,-1.6,404
55.1,-1.5,394
55.2,-2.2,4
55.2,-1.9,1
55.2,-1.8,2
55.2,-1.7,96
55.2,-1.6,412
55.2,-1.5,78
55.3,-2,1
55.3,-1.9,14
55.3,-1.8,1
55.3,-1.7,2
55.3,-1.6,56
55.4,-2.8,1
55.4,-1.9,2
55.4,-1.7,98
55.4,-1.6,7
55.5,-2,3
55.5,-1.9,1
55.6,-2.1,2
55.6,-1.8,6
55.6,-1.7,6
55.7,-2.2,1
55.7,-2,2
55.7,-1.8,1
55.8,-4.4,1
55.8,-2,118
55.9,-4,1
59.3,18.1,1
60.8,-135.1,3
61.1,-150,18
61.1,-149.9,170
61.1,-149.8,75
61.1,-149.7,11
61.2,-150,17
61.2,-149.9,738
61.2,-149.8,615
61.2,-149.7,243
61.3,-149.6,37
61.3,-149.5,16
61.4,-149.5,14
61.4,-149.4,6
61.5,-149.3,2
